name,artist,id,tempo
Paradise,Coldplay,6nek1Nin9q48AVZcWs9e9D,139.631
Everybody Talks,Neon Trees,5JGxJFdgOQdJZdmyEzDtTj,154.897
Can't Hold Us - feat. Ray Dalton,Macklemore & Ryan Lewis,3bidbhpOYeV4knp8AIu8Xn,146.078
Hall of Fame (feat. will.i.am),The Script,7wMq5n8mYSKlQIGECKUgTX,84.786
I Lived,OneRepublic,7D49Iig0avHre9RFSUMkd2,119.986
All The Right Moves,OneRepublic,5XRHGXut00SrJUFmcn2lQF,146.024
I'm Ready,AJR,02ILwrgX3DDx9mclP2EI41,78.043
"Hey, Soul Sister",Train,24YvUQnuPL8gObCfSnAobH,97.012
Should I Stay or Should I Go,The Clash,2CaudH3u0OVioRmaIXmVml,113.065
Geronimo,Sheppard,21Go4aMyLGP40ANI3TU0Fn,142.012
Same Love - feat. Mary Lambert,Macklemore & Ryan Lewis,01uqI4H13Gsd8Lyl1EYd8H,84.958
I Bet My Life,Imagine Dragons,15DrrIod12Tc2IoMaHiwlQ,107.889
It Girl,Jason Derulo,4fINc8dnfcz7AdhFYVA4i7,91.993
Outside (feat. Ellie Goulding),Calvin Harris,7MmG8p0F9N3C4AXdK6o6Eb,128.035
Trumpets,Jason Derulo,5KONnBIQ9LqCxyeSPin26k,82.142
Budapest,George Ezra,7q0aQpiLv5tIsupcgQ3Ny4,127.812
Good Feeling,Flo Rida,2LEF1A8DOZ9wRYikWgVlZ8,128.011
DJ Got Us Fallin' In Love,Usher,5tXyNhNcsnn7HbcABntOSf,119.932
Want to Want Me,Jason Derulo,0HFx7PLqzGxSfN59j3UHmR,114.025
Shut Up and Dance,WALK THE MOON,4kbj5MwxO1bq9wjT5g9HaA,128.038
When Can I See You Again?,Owl City,5wzF54886ZLxexpY6h1VhU,127.952
Gives You Hell,The All-American Rejects,6ihL9TjfRjadfEePzXXyVF,100.008
My Songs Know What You Did In The Dark (Light Em Up),Fall Out Boy,7s0lDK7y3XLmI7tcsRAbW0,151.99
Grenade,Bruno Mars,2tJulUYLDKOg9XrtVkMgcJ,110.443
Happy,Pharrell Williams,6NPVjNh8Jhru9xOmyQigds,159.911
Rude,MAGIC!,6RtPijgfPKROxEzTHNRiDp,144.033
Summer,Calvin Harris,6YUTL4dYpB9xZO5qExPf05,127.949
We Will Rock You - Remastered 2011,Queen,54flyrjcdnQdco7300avMJ,81.308
I'm an Albatraoz,AronChupa,5MhsZlmKJG6X5kTHkdwC4B,128.078
Whistle,Flo Rida,0ltBH1JNzSvQJPjJpvTu9B,103.992
Firework,Katy Perry,4lCv7b86sLynZbXhfScfm2,124.072
One More Night,Maroon 5,6cpk00i5TxCqSeqNi2HuIe,92.997
Livin' On A Prayer,Bon Jovi,0J6mQxEZnlRt9ymzFntA6z,122.494
Good Life,OneRepublic,6OtCIsQZ64Vs1EbzztvAv4,94.988
Just the Way You Are,Bruno Mars,7BqBn9nzAq8spo5e7cZ0dJ,109.012
Stayin' Alive - Remastered Version,Bee Gees,3LmpQiFNgFCnvAnhhvKUyI,103.683
Drive By,Train,1wAXODAAL6hY64ZdhrnjBO,122.033
Titanium (feat. Sia),David Guetta,0TDLuuLlV54CkRRUOahJb4,126.062
You Make Me Feel... (feat. Sabi),Cobra Starship,16Of7eeW44kt0a1M0nitHM,131.959
Seven Nation Army,The White Stripes,3ctoHckjyd13eBi2IDw2Ip,123.865
Fireflies,Owl City,3DamFFqW32WihKkTVlwTYQ,180.114
Pump Up the Jam,Technotronic,7rL33IgIVe3Wd2eHHFnFQ7,124.778
ABC,The Jackson 5,6wDviYDtmSDZ0S6TVMM9Vc,94.769
Sail,AWOLNATION,5xhQChGGhKLWqBqX4XhtYE,119.038
A Sky Full of Stars,Coldplay,0FDzzruyVECATHXKHFs9eJ,124.97
Sugar,Maroon 5,2iuZJX9X9P0GKaE93xcPjk,120.076
Heroes (we could be),Alesso,3zU9rdflI65tK4dkkNSp77,125.896
Don't Go Chasing Waterfalls,Groovio,6Me5xkG5w4VBL6z1M2x3vl,172.075
Sex on Fire,Kings of Leon,0ntQJM78wzOLVeCUAW7Y45,153.398
Feel Good Inc.,Gorillaz,0d28khcov6AiegSCpG5TuT,138.559
All of Me,John Legend,3U4isOIWM3VvDubwSI3y7a,119.93
Somebody Told Me,The Killers,7HGTkn2aX7MNdKs7nV2xBt,138.039
Rather Be (feat. Jess Glynne),Clean Bandit,3s4U7OHV7gnj42VV72eSZ6,120.97
7 Years,Lukas Graham,2vDT1uU6hZgdp3PbWGr0Xy,119.992
For the First Time,The Script,09ZcYBGFX16X8GMDrvqQwt,173.794
Cake By The Ocean,DNCE,0Kahm7qIT3oUsRSc4NWWmh,118.998
Bohemian Rhapsody - Remastered 2011,Queen,7tFiyTwD0nx5a1eklYtX2J,143.883
Another One Bites The Dust - Remastered 2011,Queen,57JVGBtBLCfHw2muk5416J,109.975
Don't Stop Me Now - Remastered 2011,Queen,7hQJA50XrCWABAu5v6QZ4i,156.271
Under Pressure - Remastered 2011,Queen,11IzgLRXV7Cgek3tEgGgjw,113.809
Highway to Hell,AC/DC,2zYzyRzz6pRmhPzyfMEC8s,115.728
Hound Dog,Elvis Presley,64Ny7djQ6rNJspquof2KoX,86.895
Tubthumping,Chumbawamba,5YScXJKtefsgdskIy60N7A,206.68
Eye of the Tiger,Survivor,2HHtWyy5CgaQbC7XSoOb0e,108.965
Lift Yourself,Kanye West,3uYDO9dPLTVrgfwg7EYXSf,98.008
Ratlin' Bog,The Malarkey Brothers,5XPcGk4Xt3xop589xUhsuZ,133.534
Kaw-Liga,Charley Pride,78KHUFQ5c6iSzFzrY4LpMM,107.234
Sixteen Tons,Tennessee Ernie Ford,3P6OwCX7Ofiaaqtvujb6i5,144.14
Harper Valley P.T.A.,Jeannie C. Riley,2sZIclzhHlH8tzf7wry9hK,122.318
Jolene,Dolly Parton,2SpEHTbUuebeLkgs9QB7Ue,110.578
Viva La Vida,Coldplay,1mea3bSkSGXuIRvnydlB5b,138.015
I Love Kanye,Kanye West,5CGS4UovzA7ftCJkLVXQju,80.326
"Take Me Home, Country Roads - Rerecorded",John Denver,2xYlyywNgefLCRDG8hlxZq,164.267
Coal Miner's Daughter - Single Version,Loretta Lynn,3mM14WXoPaLRjjkmxHe99L,137.349
Amos Moses,Jerry Reed,0ieE5Rfin1KXRjwmF8RzeV,105.625
"Old Dogs, Children And Watermelon Wine",Tom T. Hall,0TD22Pd8CsaLwMWMhzUusU,109.573
Three Wooden Crosses,Randy Travis,1S4fpfX2u0hzFD9vb6FEB6,158.179
Just Another Day In Paradise,Phil Vassar,4LlNoNZflek4hZyZigCxpW,146.095
Cowgirls Don't Cry (feat. Reba McEntire),Brooks & Dunn,54007AqKIiRCG69C3ySu0b,115.015
I'm Already There,Lonestar,34Vn9nKfztyLco9lJazy4j,133.296
Mr. Mom,Lonestar,0jSIovJtKxEXH6vI4oRx7I,172.136
If You're Going Through Hell (Before The Devil Even Knows),Rodney Atkins,7vSn3VNbzOtPebdj6ZSebj,115.954
Riding With Private Malone,David Ball,4yym5ZJXwvg03d4kyhLVZO,93.93
A Different World,Bucky Covington,1IPFnPe6YsyzGePYS3ME2v,128.968
Friends In Low Places,Country Music Masters,7vmKy94WT1pGBYs2fmfWwl,108.074
Papa Loved Mama,Country Music Masters,34qAsitgv8LmqukXYXCmjM,165.673
The Thunder Rolls,Country Music Masters,4WGjpyCZVOL8N6wT6Cd97w,81.945
Callin' Baton Rouge,Country Music Masters,6zS42CS7UMl3sy9v8v9lX7,107.859
Deeper Than The Holler,Randy Travis,5xxyhpw8GMqIUWxe9706yq,142.648
On The Other Hand,Randy Travis,71WaAqNtNKNFcHZ2scb9Bi,96.03
Remember When,Alan Jackson,1nCSr7oGeUv7sUEoYuAJFF,125.59
Where I Come From,Alan Jackson,6ej1QJ8eIYmhsyTlvgDajy,124.711
Summertime Blues,Alan Jackson,3hV8Gvijx6cVv339o3uCSK,80.716
Small Town Southern Man,Alan Jackson,5ExWY6ojo1Qm3rC7iaEqx2,132.951
Born Country,Alabama,0MM0VlDZ4n8f7zfkz2MmqZ,167.311
Chasin' That Neon Rainbow,Alan Jackson,5Wp1Y8jscofORVp0FH0N9l,149.061
Where Were You (When the World Stopped Turning),Alan Jackson,3eSwvMfSA0Fyku6Ak5JEw0,115.362
If You're Gonna Play in Texas (You Gotta Have a Fiddle in the Band),Alabama,4lDHpM8kYUjVScfD8nfQ7A,109.581
Mountain Music,Alabama,2ncWUbOnlMTBBNR2k5EwQQ,109.52
Song of the South,Alabama,2uX5f3x2cObov0iDAPln4o,162.158
Ol' Red,Blake Shelton,5wane5dFpp8xgriui6y0c7,75.049
Some Beach,Blake Shelton,7kWeSMXLxUHHOkFxsS0vhP,115.979
Austin,Blake Shelton,2WQAknZHrJAEQOFXe0F44P,119.914
Hey Good Lookin',Loretta Lynn,6BwdoxaRUT2g7V7ck5opcC,143.28
You've Never Been This Far Before - Re-Recorded In Stereo,Conway Twitty,2aqHQzbPcrMl6m37ndVHOQ,133.355
Don't Cry Joni,Conway Twitty,6rcDnUdlrXGWw2eTxVRobs,100.349
Linda on My Mind,Conway Twitty,1QBhszc25PesXgxCOAIdI2,108.432
"Louisiana Woman, Mississippi Man",Conway Twitty,02sENi9ULQ36x9mKo5B7XW,98.263
Hello Darlin',Conway Twitty,4TMP1aRZUsG8C4HChYtfgC,82.787
Ocean Front Property,George Strait,7fLTejTau0YuF9PSCOLtSs,78.334
All My Ex's Live In Texas,George Strait,7k1Xm1wy00hCKJDYJL5p1n,130.541
Write This Down,George Strait,1TanmIWbaUj5NVwJ3k4XPd,123.867
Give It Away,George Strait,1qHRFZE8qykNXYZadzmi1m,148.1
Islands In the Stream,Dolly Parton,4dqEzdFAYkj1rjYLVDuTlN,204.016
The Gambler,Kenny Rogers,5KqldkCunQ2rWxruMEtGh0,87.04
Through The Years - Single Version,Kenny Rogers,4pP5xVUYEZljcmfyYFQXsx,131.266
Amarillo By Morning,George Strait,4TnUKixNWMfajncgdSwFoi,121.059
Ten Rounds Of Jose Cuevo,Tracy Byrd,2S2jMabBYR3nnTMjezD6Za,127.109
Coward Of The County,Kenny Rogers,0JkIre0YxNmKGMU5V7ZiDx,91.471
Watermelon Crawl,Tracy Byrd,3Q9t1A12iUemHTAWnH7PjD,136.746
I'm in a Hurry (And Don't Know Why),Alabama,29nNU80zu0vscbrvTi55mG,128.69
She Thinks My Tractor's Sexy,Kenny Chesney,3QV7NYkrmV0Q0IHdFJw9hO,122.07
She's In Love With The Boy,Trisha Yearwood,4EJvW4NHAk7TrIeX44jjXF,125.0
"I Like It, I Love It",Tim McGraw,3IvcWWehbBcBR4YZxlGM9R,124.027
"Love, Me",Collin Raye,5cCLKP66G2PJEorzYQVXHR,106.581
Two Dozen Roses,Shenandoah,0e05wFNr6zg1ULcp4NKs1p,121.341
"Forever and Ever, Amen",Randy Travis,1ipcb9qXpSHWhSUvdxJhsx,90.392
Fancy,Reba McEntire,1ecIqo8pOc8S6y3l80iGxd,94.959
Georgia On My Mind,Ray Charles,4PKRAcbN8aPrgzFe0kOxRx,112.146
Seven Spanish Angels (with Ray Charles),Willie Nelson,51EKPuV1uAWryjNMqZLtgJ,132.439
Chattahoochee,Alan Jackson,59kHPbwyyCApYA8RQQEuXm,174.533
Pancho and Lefty,Willie Nelson,1A6P8IxzNyBRsQualaNXNY,122.997
"Mammas, Don't Let Your Babies Grow Up to Be Cowboys",Waylon Jennings,1gKSpFpX3poa17WIAyFVsp,94.597
Always on My Mind,Willie Nelson,2xYQTU2bbg6WVAmpY1eae4,73.36
On the Road Again,Willie Nelson,2GyH5rvdnfkjzsTFaWrrov,110.97
Blue Eyes Crying In the Rain,Willie Nelson,2uRVPeQbsEpRQD0DKr1WTo,117.136
Good Hearted Woman,Willie Nelson,38jwN2vvBU7CjrySrZ9t35,109.704
Whiskey River,Willie Nelson,6gS6XQ4OqMddkgzHNz40E5,76.915
Folsom Prison Blues,Johnny Cash,0LTSNmOLBt25GMjHlxp9OR,110.519
Ring of Fire,Johnny Cash,6YffUZJ2R06kyxyK6onezL,104.111
"A Boy Named Sue - Live at San Quentin State Prison, San Quentin, CA - February 1969",Johnny Cash,4I8bMIAHrhcnDcqb8hwbxq,101.882
God's Gonna Cut You Down,Johnny Cash,6RFkVsPmrM4pzlDkFswwJl,82.228
(Ghost) Riders in the Sky,Johnny Cash,3I1vEQhGwRK7URrTq4BqNl,109.511
Hurt,Johnny Cash,28cnXtME493VX9NOw9cIUh,90.379
Don't Take Your Guns to Town,Johnny Cash,0p7QF136UOOUHnyU8CuZra,89.199
Daddy Sang Bass,Johnny Cash,15TITugVC8RrpLctHXOqT8,96.882
The Devil Went Down to Georgia,The Charlie Daniels Band,6gRACp2CvsIhc7hyw8CecQ,135.087
Momma Tried,Merle Haggard,3systj0GK4jGefVCspqNoZ,103.173
"Courtesy Of The Red, White And Blue (The Angry American)",Toby Keith,0M7mWKqwTIaVjYyxfZmtTa,111.762
Should've Been A Cowboy,Toby Keith,4EDBgrYqYQ6b50yhJWKsHp,133.582
American Soldier,Toby Keith,4WygRabom8WGpPb44r40sK,82.009
As Good As I Once Was,Toby Keith,7G6l2FtQyRhQgYgut2I6i8,119.075
Beer For My Horses,Toby Keith,7E2DqvnVtbIrFrL5X6YH9Q,119.005
Red Solo Cup,Toby Keith,47nm8czanMUzIqHsnr5x61,163.991
I Love This Bar,Toby Keith,1KlCaFgBM9VouwAcqBagQV,115.066
Made In America,Toby Keith,68iwafs32FXpAIDWqU8wdU,172.107
American Ride,Toby Keith,1vD4DN56ued7pQklJBDesw,174.099
Convoy,C.W. McCall,6dGWq08LXuIw6T2oUeHECh,111.62
Chicken Fried,Zac Brown Band,4dGJf1SER1T6ooX46vwzRB,169.864
If Tomorrow Never Comes,Kent Blazy,7MOsr4iEUasjzY2Uiktu0m,149.196
As She's Walking Away (feat. Alan Jackson) - Greatest Hits Version,Zac Brown Band,1jxR2ZtJo0O3Zq993R4MV7,183.981
Family Tradition,"Hank Williams, Jr.",73ZTWCuwudUVvvWipRnQnQ,126.342
Neon Moon,Brooks & Dunn,3EUl8M6SzxZl03NPkB8mUd,102.408
"Luckenbach, Texas (Back to the Basics of Love)",Waylon Jennings,5pdKPY4O9CHuzDDp557j4N,102.88
Boot Scootin' Boogie,Brooks & Dunn,7Fq9RwQxSn3kW85PrDUf0M,130.448
8th of November,Big & Rich,2X0aeFJXJZpeK2nSWvypiI,169.11
Red Dirt Road,Brooks & Dunn,5QHElgktygMkgRdpPhXfn2,136.128
I Knew You Were Trouble.,Taylor Swift,72jCZdH0Lhg93z6Z4hBjgj,77.019
We Are Never Ever Getting Back Together,Taylor Swift,7AEAGTc8cReDqcbPoY9gwo,85.984
You Belong With Me,Taylor Swift,3GCL1PydwsLodcpv0Ll1ch,129.964
A Country Boy Can Survive,"Hank Williams, Jr.",5jVGZTrDusSvwhRDPmZMSB,75.184
22,Taylor Swift,2ULNeSomDxVNmdDy8VxEBU,104.007
Fearless,Taylor Swift,6Eu31gddWw0gOGO506pJYA,99.972
Mine,Taylor Swift,0dBW6ZsW8skfvoRfgeerBF,121.07
Teardrops On My Guitar - Radio Single Remix,Taylor Swift,2TF4UtYreqNbQ6Z9AccldU,99.953
Sink the Bismark,Johnny Horton,1wuRCnD6sLvs9YuIOlqqOj,115.234
Welcome To New York,Taylor Swift,6qnM0XXPZOINWA778uNqQ9,117.023
Enchanted,Taylor Swift,10eBRyImhfqVvkiVEGf0N0,163.893
The Battle Of New Orleans,Johnny Horton,1XRA4Tjb2YrcQU5ThDllCw,177.162
North to Alaska,Johnny Horton,4mCB2FpWvmT3GcXUWyn0gs,82.947
I'm A One Woman Man,George Jones,6w1wDB0kJhdD1WrmkG2ufV,134.192
All You Had To Do Was Stay,Taylor Swift,0dAb8TY433dl3ZfXYCLE19,96.969
Ramblin' Man,Allman Brothers Band,2Q7LpkYrS0PBpoq3iCqypa,181.145
El Paso,Marty Robbins,4f8hBeMXMvssn6HtFAtblo,106.662
Big Iron,Marty Robbins,0AQquaENerGps8BQmbPw14,116.027
I Don't Need Your Rockin' Chair - Version w/special guests,Mark Chesnutt,3nKLfeoq3YedJIZqvRW3Qz,93.865
Copperhead Road,Steve Earle,0VU5k3vCrpqDgUygMjiFYj,162.874
People Are Crazy,Billy Currington,5JnLiuMgRAWoHYOhatFP3s,141.938
Sparks Fly,Taylor Swift,1q8E1FfFuhd12c5JcJwPxQ,114.987
Speak Now,Taylor Swift,1nYWTzy5zu3zEPNgB1sItW,118.975
Never Grow Up,Taylor Swift,74WBGgUnpKrJXt6TETfR6Z,124.91
Better Than Revenge,Taylor Swift,1By2VQkUN0Frd8mKNV5NYC,145.821
Ours,Taylor Swift,1EQn3Uc5AyUXoiPLeyCrrg,159.845
Farmer's Daughter,Rodney Atkins,5zGqTc1WQUe8XqqdnrpKTV,133.977
Tom Dooley - Remastered,The Kingston Trio,5rivhNukBcqEX41XQDLYi9,125.95
Forever & Always,Taylor Swift,1zxrcAk6eiytfavqriMcKT,128.012
The Best Day,Taylor Swift,5YbZZ2gYfvW1UvHHF4pVaD,126.079
Change,Taylor Swift,0RdcBnAXyH2YZZvcBVu2k6,96.038
Pretty Good At Drinkin' Beer,Billy Currington,6a7wXoZOARI8IqEXObjhDz,106.951
That's What I Love About Sunday,Craig Morgan,1fmi1hOBtH8xfUiWz4LVtE,139.469
The Night The Lights Went Out In Georgia,Reba McEntire,2MiXC2LfpsoeUP5RvMGEQ3,169.967
I'm A Survivor,Reba McEntire,0Fvw3mm5xy6CgsOWJWBs8s,88.834
My Front Porch Looking In,Lonestar,2FOb22ITQlclIU7UEI0v47,205.576
Albuquerque,"""Weird Al"" Yankovic",2Ec0liSMY2h4XORHyzKCmY,186.599
Every Light In The House,Trace Adkins,2s5BSrLQU5SB6m3dA2BI1k,129.282
She Don't Know She's Beautiful,Sammy Kershaw,3rvVhgG1inZCtQ1Qf0V5SA,116.115
Life's a Dance,John Michael Montgomery,0NyMrtH8mUuvtJjEpESn7J,135.224
Sold (The Grundy County Auction Incident),John Michael Montgomery,0NLBwQBYJhEM9t3KAMPFVR,115.642
Pickup Man,Joe Diffie,3dSUY34vmIYWJn0M6oZ3BD,140.566
Just To See You Smile,Tim McGraw,2op0kDNARK2VHWHntEeH4g,94.342
Don't Take The Girl,Tim McGraw,2wmEryA2YLaFwFvA63n3O2,204.263
Live Like You Were Dying,Tim McGraw,7B1QliUMZv7gSTUGAfMRRD,159.929
Felt Good On My Lips,Tim McGraw,2D2tn77f5ZrADmf8h4zR3t,136.001
The Good Stuff,Kenny Chesney,1EKiQ1InQXuodp4M1idrng,143.92
Don't Blink,Kenny Chesney,6reuJxDtjebwc9FB6rNpp0,147.925
Not All Heroes Wear Capes,Owl City,0slYDB04lcoiFFLTJ16OIo,81.986
Unbelievable,Owl City,6vysCzjEwFF4flCw3d6DeO,118.02
When the Sun Goes Down,Kenny Chesney,5vLonpxn4VN0A8GtQOBSG0,104.945
My Everything,Owl City,1CfzJiAnuAiyopNL7Wb3cB,90.026
Bird With A Broken Wing,Owl City,7zN4TXZbRLF5aJ53TA5LIs,127.941
You’re Not Alone,Owl City,34kQZhLBgnNr2i6NvD61p6,84.011
Can't Live Without You,Owl City,5HskLRdpkMp8OFiJCsisAN,127.97
Gold,Owl City,5pBCrF0gXKLZXj77BdJNh2,168.128
Dementia,Owl City,4buwCc108hpNP4HaCWxudH,127.013
I'm Gonna Miss Her,Brad Paisley,4ipZsAA3YuqCDSXiPoEGIv,98.354
I'm Coming After You,Owl City,4l4QbK1WQsEILLklD4y0NE,128.053
Speed Of Love,Owl City,4URyMVt4ZpmDQWd7D8rZ7k,127.976
Metropolis,Owl City,1SwG77Y74JfKoCNAtKyWsf,127.99
Deer In The Headlights,Owl City,2MX7KX78uxMwkeeDyk6CR1,140.039
Honey And The Bee,Owl City,219c16bgpbQclXy7v6QWRy,106.995
Plant Life,Owl City,3Uq06PHpVt4T9KYceuPYZn,159.931
Hospital Flowers,Owl City,7zaudG77rXWJHudW5dSToM,160.013
Cave In,Owl City,1Gjik144aoxTVpI1RQtPFA,135.011
Hello Seattle,Owl City,2bZwRGh8kmVhtsBnDjv14Z,118.984
Umbrella Beach,Owl City,3K0e08GyTmOV93NB3dM13d,135.005
Dental Care,Owl City,7MTOs445g1oV9iY3WGYQMh,68.493
The Tip Of The Iceberg,Owl City,4GJvgLicVBUAiitZAsQ5pf,135.025
Margaritaville,Jimmy Buffett,4EEjMyQub6tgFVshlM9j1M,124.943
Rainbow Veins,Owl City,1CypvG9L8GccU532v2j5YS,150.016
The Saltwater Room,Owl City,7nNWroSfiy00CppuRzqJd5,111.965
Captains Of The Sky,Sky Sailing,6cQCJ8M3HS144mnlpW2SZW,119.934
Brielle,Sky Sailing,3hfM7GfK9J0UqRS4VEyugl,138.012
Dirt Road Anthem,Jason Aldean,2qYsSHsYkihWx043HVJQRV,127.024
Big Green Tractor,Jason Aldean,4KAzYqfcijCSZa2P3etHoM,137.071
Tattoos on This Town,Jason Aldean,2SEsRxNSXidnMOZoTEzX1k,78.494
"Jesus, Take the Wheel",Carrie Underwood,3lec3CzDPAxsZokPph5w87,76.572
Sucker,Jonas Brothers,4y3OI86AEP6PQoDE6olYhO,137.958
Bad Moon Rising,Creedence Clearwater Revival,20OFwXhEXf12DzwXmaV7fj,178.946
Have You Ever Seen The Rain,Creedence Clearwater Revival,5DnT9a5IM3eMjKgXTWVJvi,116.122
Fortunate Son,Creedence Clearwater Revival,4BP3uh0hFLFRb5cjsgLqDh,132.77
Down On The Corner,Creedence Clearwater Revival,2gE95JskwQ1pCACTpGe1Db,108.217
Simple Man,Lynyrd Skynyrd,1ju7EsSGvRybSNEsRvc7qY,120.471
Sweet Home Alabama,Lynyrd Skynyrd,7e89621JPkKaeDSTQ3avtg,97.798
Free Bird,Lynyrd Skynyrd,5EWPGh7jbTNO2wakv8LjUI,118.223
Old Time Rock & Roll,Bob Seger,5EOoMWIB9iK4ZpcSex9Ec7,124.13
Dangerous Woman,Ariana Grande,7l94dyN2hX9c6wWcZQuOGJ,134.049
Into You,Ariana Grande,2meEiZKWkiN28gITzFwQo5,107.853
Problem,Ariana Grande,7vS3Y0IKjde7Xg85LWIEdP,103.008
Bang Bang,Jessie J,466s1BacUmiRdR3ISvNjyx,149.974
Popular Song,MIKA,0xFomAiFsu5qCnLM0hu0UR,99.036
Walking On Sunshine,Katrina & The Waves,05wIrZSwuaVWhcv5FfqeH0,109.902
Walkin' After Midnight,Patsy Cline,4HbWgdhQcrV1PbCkzspTSF,134.834
Crazy,Patsy Cline,0ZPeq1LMR2zzWSV9VnhmYm,70.714
"Hey, Good Lookin' - Single Version",Hank Williams,4v3tdzHwvCpGLmVPnhMCkH,141.076
I'm So Lonesome I Could Cry,Hank Williams,4tj7IsJrn4MvesuhoY0JBy,111.937
Hey Ho,Nathan Carter,6M8BfX7KcEQi8FAGOPLIe6,88.972
Hang Ups,Scott Helman,6tYi93Nes84arkBcgesJbQ,105.131
Daddy's Hands,Holly Dunn,2VPnnOGXmejtKqxGY4jg66,76.511
Rose Garden,Lynn Anderson,5YwgJ6lpZ3SiAQwBEpjqey,131.064
FRIENDS,Marshmello,08bNPGLD8AhKpnnERrAc6G,95.079
Better Days,Hedley,5Kelvlf6aU6is8muBjaZ4S,93.203
Hands Up (feat. DNCE),Merk & Kremont,0nlyO7lNTOYB0gjDp7NI7H,107.996
Jerk It Out,Caesars,1bx7OUl2UmAnA5oZkm9If7,134.007
Starving - Acoustic,Hailee Steinfeld,3rdTo5LQGou3pS2ZLxTAcQ,99.859
Mr. Brightside,The Killers,7oK9VyNzrYvRFo7nQEYkWN,148.017
Dying for You (feat. Alex Aris) - Radio Edit,Otto Knows,59A6lBd9QmcD8rQTZPj1xD,121.97
Lot to Learn,Luke Christopher,3TRFq09DUgYj1mug6RRqJW,82.232
Natural,Imagine Dragons,4zIO3ilp5HvTeK3HJHxhMP,97.773
Big John - Re-Recorded In Stereo,Jimmy Dean,5SfhnQvwSG89JqAzVhKqiX,87.533
White Lightning - Single Version,George Jones,3Eixas2OjLZa4oW1Ou6dy0,149.483
Here Comes The Sun - Remastered 2009,The Beatles,6dGnYIeXmHdcikdzNNDMm2,129.171
Malibu,Miley Cyrus,1UZOjK1BwmwWU14Erba9CZ,139.934
Semi-Charmed Life,Third Eye Blind,42et6fnHCw1HIPSrdPprMl,102.026
Thunderstruck,AC/DC,57bgtoPSgt236HzfBOd8kj,133.52
If My Heart Was a House,Owl City,6c6t0aQOtVUZTxRQTlEkZQ,124.981
Who We Are,Imagine Dragons,2x2SotEkKozaFh6H1aVnOZ,173.954
"You're Gonna Go Far, Kid",The Offspring,6TfBA04WJ3X1d1wXhaCFVT,126.115
You'll Always Find Your Way Back Home,Hannah Montana,12wSL3tGk3MtbDEhfG7xy3,152.946
Turn It Off,Scott Barnhardt,3BvdyscylBbOhf0TL2S0yH,141.845
This Kiss,Carly Rae Jepsen,1ecIqGEKWjMXf3lgu8XL4L,128.015
This Kiss,Faith Hill,0TxXEbxn52XsuAhxb6VFZw,186.875
Sucker for You,Matt Terry,5H9H0i7UCmRDCZRHldbmhN,95.034
I Took A Pill In Ibiza - Seeb Remix,Mike Posner,1MtUq6Wp1eQ8PC6BbPCj8P,101.969
Please Don't Go,Joel Adams,3cNjgVBKTJ1SvKhunrCdVy,84.264
Hotel California - 2013 Remaster,Eagles,40riOy7x9W7GXjyGp4pjAv,147.125
Angels Among Us,Alabama,5AlAhGxcaynbZwjhokML5R,143.022
You're Gonna Miss This,Trace Adkins,68Q1r5zDnnYaHkh80yal4A,154.997
Womanizer,Britney Spears,4fixebDZAVToLbUCuEloa2,139.0
When I Look At You,Miley Cyrus,2k7lJRkftfgYLbawYkP9CF,137.941
Cool for the Summer,Demi Lovato,2zFF6jG5hQArbzcXz3KUWk,114.06
Best Days of Your Life,Kellie Pickler,16jvUOIQ2P54P0bNN4rAdv,127.939
Closer,The Chainsmokers,7BKLCZ1jbUBVqRi2FVlTVw,95.01
Kiss An Angel Good Mornin',Charley Pride,1gNUf7ItWfqwFrpDWzYcYY,131.794
Miss Independent,Ne-Yo,34ceTg8ChN5HjrqiIYCn9Q,171.86
Shia LaBeouf Live,Rob Cantor,3VMzQ4rh7FtfSuyjHIcuZR,95.917
Wannabe,Spice Girls,1Je1IMUlBXcx1Fz0WE7oPT,110.008
New Americana,Halsey,6Xs7OKt6i0Ddq8B4M5Dgvr,173.993
When I Look Into Your Eyes,Firehouse,6LLyoplkpMDTbLdMRKvhq8,146.735
All Summer Long,Kid Rock,5rX6C5QVvvZB7XckETNych,102.997
Country Boy,Alan Jackson,5RuCWf4bJC0rqA05b7nWfd,139.037
Good Time,Alan Jackson,6lyKOW0FNW6aAZdKVgoM8m,132.017
A Thousand Miles,Vanessa Carlton,6Qm9MaditCcx5V62rVHYqu,94.841
The Reason,Hoobastank,1lHtE5JDCas1EwXhQIMOIj,82.904
It's Five O'Clock Somewhere,Alan Jackson,5oHHMDcVOmPSFrCgdbHPdb,125.202
Lovebug,Jonas Brothers,3F8xLc6T4VvKH7I6wqVAN2,79.071
Miss You,Louis Tomlinson,3zxrecYFao03IrrcyFiaMU,180.239
I'm Gonna Be (500 Miles),The Proclaimers,67iAlVNDDdddxqSD2EZhFs,131.922
Tidal Wave,Owl City,3nMXGixKDuQ7QeOonPlXo9,77.505
Say My Name,Destiny's Child,7H6ev70Weq6DdpZyyTmUXk,138.009
Complicated,Avril Lavigne,5xEM5hIgJ1jjgcEBfpkt2F,77.987
Rugs From Me To You,Owl City,7DGChRymOLZ3zfzgcUXDXZ,150.114
Drive (For Daddy Gene),Alan Jackson,1FV374EPG5CrjdIbIMLkcv,125.179
Love Someone,Lukas Graham,2JqnpexlO9dmvjUMCaLCLJ,172.065
"Introducing Me - From ""Camp Rock 2: The Final Jam""",Nick Jonas,7fBt3FgZ2epNs3RDFmUovC,113.059
Find You,Nick Jonas,77dwRzKegOkVtlHajKnDCb,125.913
Gone Country,Alan Jackson,6IEIPevuDocD80PovsX6kN,125.607
The Bird And The Worm,Owl City,39ZAON2MIRhHrS8chedbOU,83.477
Shotgun,George Ezra,4ofwffwvvnbSkrMSCKQDaC,115.744
Don't Threaten Me with a Good Time,Panic! At The Disco,2fh3bZ8jZhMxOcfESE9nQY,183.825
Little Bitty,Alan Jackson,2IY559smG7SXYk229NA2Vl,163.045
Livin' On Love,Alan Jackson,15gU2OepIEbeNTBbes6pIF,118.557
Smoke Clears,Andy Grammer,3v0pzyIy08Sndq17gww5Si,99.988
Fine By Me,Andy Grammer,4wTChU0tU44TAMC0xcQizi,89.993
Keep Your Head Up,Andy Grammer,4Jz4bjXeiF2SXVj9P4YfY5,90.01
Fresh Eyes,Andy Grammer,4ftPj2fBTJ5pytddHwCPH0,122.054
Feel It Still,Portugal. The Man,7FESgYLcOufHqKlwrvJN60,78.969
Sweet Child O' Mine,Guns N' Roses,4MhTFsyqIJnjsOweVcU8ug,125.148
Connection,OneRepublic,3T4UodGkfZObJ43RtA5KFU,168.154
Crush,Tessa Violet,6q7Tz67loOULIPEXo941hk,135.994
Bad Ideas,Tessa Violet,12d0oildmCSVKRW7SEHaZP,80.042
Sue Me,Sabrina Carpenter,3WVhkjB7Y4xFruqoCAajBb,157.184
Somebody To You,The Vamps,2BWWsCwuHAZFE1scLyP6Qe,86.978
Why,Sabrina Carpenter,1byScELwcJffsdL5QWa6Yk,89.672
Fix You,Coldplay,7LVHVU3tWfcxj5aiPFEW4Q,138.178
POP/STARS,K/DA,5sbooPcNgIE22DwO0VNGUJ,170.036
"Zero - From the Original Motion Picture ""Ralph Breaks The Internet""",Imagine Dragons,2bzitsPcImYC6DZWvvLCQi,90.011
Waving Through a Window - From Dear Evan Hansen,Owl City,18UUNle3BNojYpIfbLueJh,145.285
New York City,Owl City,0troiK6tP7iO3pKF1J7M7A,170.052
The Greatest Show,Hugh Jackman,4ylWMuGbMXNDgDd8lErEle,157.92
A Million Dreams,Ziv Zaifman,0RoA7ObU6phWpqhlC9zH4Z,54.747
Come Alive,Hugh Jackman,5xNUR50KxswPRAvx7S163g,118.034
The Other Side,Hugh Jackman,2cKovq3l6OJjhVVDbVKOsr,153.99
Don't Rock The Jukebox,Alan Jackson,04KXxZFMKtgByufxs96JHI,147.451
This Is Me,Keala Settle,45aBsnKRWUzhwbcqOJLwfe,191.702
Rewrite The Stars,Zac Efron,65fpYBrI8o2cfrwf2US4gq,125.046
Who's Cheatin' Who,Alan Jackson,6X5QiY5ezQ5cq4BdEf9aLA,133.242
Tightrope,Michelle Williams,0GVuLQtPXFaL18ijEOqoAa,161.564
Reminding Me,Shawn Hook,3Mjer7nERC4u3tkkSopwLp,132.807
Pop a Top,Alan Jackson,0MBvTGxL77AlNGl2n2toPq,118.098
The A Team,Ed Sheeran,1VdZ0vKfR5jneCmWIUAMxK,84.996
Kiss Me,MAGIC!,1mypFCdvOhUjRpnctn5Liz,91.044
My Favorite Things,Julie Andrews,5bC3Elhc2z2mIjB8WPeSZv,112.34
2002,Anne-Marie,2BgEsaKNfHUdlh97KmvFyo,96.133
Hooked,Why Don't We,0kg36eEw4un3UwGvnf93xT,179.925
This Will Be the Day (feat. Casey Lee Williams),Jeff Williams,5Msp7XlWAYQhK4khlfzMPL,94.432
Remember the Name (feat. Styles of Beyond),Fort Minor,6ndmKwWqMozN2tcZqzCX4K,84.858
Red Like Roses (Red Trailer) [feat. Casey Lee Williams],Jeff Williams,4UXquZeCjJrA4WZ1tgdqMJ,66.668
Fire N Gold,Bea Miller,7xAdO0zdl7lGf0ecg4IGhQ,143.987
Irreplaceable,Beyoncé,6RX5iL93VZ5fKmyvNXvF1r,175.868
TiK ToK,Kesha,5OMwQFBcte0aWFJFqrr5oj,120.032
Since U Been Gone,Kelly Clarkson,3xrn9i8zhNZsTtcoWgQEAd,131.0
Thunderclouds,Sia,5a8RPWgKSmcGBGcffmIrUi,112.035
Dreams And Disasters,Owl City,4kbDYMLy5qdn1UqaNiNWsM,126.015
Shooting Star,Owl City,7k5EcszNwUturoU20TTy1G,124.018
Embers,Owl City,61M3DuWap0Y0RcFmWcrcQP,123.044
Mirror Mirror (White Trailer) [feat. Casey Lee Williams],Jeff Williams,3TQRpzYeESmq2jC6IzxYBg,144.112
From Shadows (Black Trailer) [feat. Casey Lee Williams],Jeff Williams,0bL6nye2PGBx20DhVQy6Sx,90.014
I Burn (Yellow Trailer) [feat. Casey Lee Williams],Jeff Williams,6ubHZGcevVZ9Ew8AohTu7G,140.044
Mr. Blue Sky,Electric Light Orchestra,74z2lfZ7fj3IqoK71lHkZw,177.784
Weak,AJR,45iMRHmfLZu3yjdZ8P5e3t,123.984
Gold (feat. Casey Lee Williams),Jeff Williams,7lAAc1K0cHtmxWRksluu8x,150.081
"Airplanes, Pt. II (feat. Eminem & Hayley Williams of Paramore)",B.o.B,2bnDTGikdoO8CwzlAPyBHR,93.047
I May Fall (feat. Casey Lee Williams),Jeff Williams,4d6U4j1fC4qbsPKF3OcUcr,146.097
"Lose Yourself - From ""8 Mile"" Soundtrack",Eminem,5Z01UMMf7V1o0MzF86s6WJ,171.374
Wings (feat. Casey Lee Williams),Jeff Williams,3v4kIr9EWG3QMBv3nAJ4r3,119.94
Solo (feat. Demi Lovato),Clean Bandit,6kPJZM97LwdG9QIsT7khp6,105.005
Time to Say Goodbye,Jeff Williams,0eDCe3Y8fMzdCbfrUR0giO,124.874
More Than You Know,Axwell /\ Ingrosso,3slBHvoQcO8HjscbP2QKk5,123.048
All Time Low,Jon Bellion,0SuLAslEMFZAXf0SwY7syi,90.246
Let's Just Live (feat. Casey Lee Williams),Jeff Williams,6XvlonZUoCpKoBgGQCUF5a,169.962
The Triumph,Jeff Williams,1gqpS3TYwagGBSYIjrhtws,165.105
Renegade,Styx,1CQqupcyMg7176PPmIVmSj,105.623
Come Sail Away,Styx,0PsbWiVtix5FoTZ1s00mEl,119.513
Babe,Styx,5W7YROOF6bFfBexY81LFjt,169.486
Mr. Roboto,Styx,7C0rG4oWO7VeZcffyW1sK9,144.13
Too Much Time On My Hands,Styx,4hWUOIDHda9XOb1zDchftP,131.012
The Best Of Times,Styx,7GRUpcvSQM9HrnC2CjYPG4,78.662
"Do You Want to Build a Snowman? - From ""Frozen""/Soundtrack Version",Kristen Bell,7Ctju5iILqGbvMKG6CgTl9,174.053
"I See the Light - From ""Tangled"" / Soundtrack Version",Mandy Moore,6klpXs2uAjagnZMFkt4qkl,92.64
"I'll Make a Man Out of You - From ""Mulan""/Soundtrack",Donny Osmond,28UMEtwyUUy5u0UWOVHwiI,113.852
When I Grow Up,The Pussycat Dolls,2XXRWwynXmGfvyx3WHPRiM,118.443
What's Luv? (feat. Ja-Rule & Ashanti),Fat Joe,2mKouqwAIdQnMP43zxR89r,93.955
Lady,Styx,1wpRglLhQ092N1rftlDMD3,137.38
Blue Collar Man (Long Nights),Styx,60F6ntlU0uSzgChmyQyVJP,124.25
Fooling Yourself (The Angry Young Man),Styx,7apWQJSE3gJB55Dp8bXTW9,102.855
You Spin Me Round (Like a Record),Dead Or Alive,0BB9eUBBaaX6GALSYNcEp7,128.103
How You Remind Me,Nickelback,0F2nGhgFNlkVHm81zNEvW6,172.159
Red Flag,Billy Talent,2RZWdE8kYPlCAcRUYDeuLC,183.052
Suite Madame Blue - Live,Styx,6zfoVuyDQo5Yp0BmuRQK2Y,119.304
Hands To Myself,Selena Gomez,1LoriJC05IrHIDwj3q0KC1,111.016
Same Old Love,Selena Gomez,1BZG99C7Co1r6QUC3zaS59,98.02
Crystal Ball - Live,Styx,70bbOZKN88WPXByb2y0pov,142.8
Adventure of a Lifetime,Coldplay,69uxyAqqPIsUyTO8txoP2M,111.995
Love Yourself,Justin Bieber,50kpGaPAhYJ3sGmk6vplg0,100.418
Stressed Out,Twenty One Pilots,3CRDbSIZ4r5MsZ0YwxuEkn,169.977
My House,Flo Rida,6Knv6wdA0luoMUuuoYi2i1,94.006
Queen Of Spades - Live,Styx,5YH8Lng1lLWr10ZmIw9WCe,126.923
If It Ain't Love,Jason Derulo,5YHR8wBR5jXfGtP766NiAT,128.63
Lords Of The Ring - Live,Styx,1zTatpsZxTJuickMg1VwMJ,162.515
Kill Em With Kindness,Selena Gomez,1QNoKVgA758HFLu3TW2q7R,120.012
Grace Kelly,MIKA,7dzUZec5MnWMyQnk5klnKR,122.361
Celebrate,MIKA,3bwp3nKa8kuceW36uAXqne,122.045
Elle me dit,MIKA,4kbvc6gZops1qBACSSOgTh,125.988
Great White Hope,Styx,12CToYdYEpFzmMryvskeA7,144.483
The Grand Illusion,Styx,0FFdCFGfmtqVaHTBYXybkx,94.617
Miss America,Styx,2UpMxlf6h57UsAU77G172s,138.298
Suite Madame Blue,Styx,1gufwupdoA0lqEgg66JUPD,158.146
Let Me Blow Ya Mind,Eve,3RmKpob8xzv1pzHEQrMJah,90.032
Ms. Jackson,Outkast,0I3q5fE6wg7LIfHGngUTnV,94.948
The Real Slim Shady,Eminem,3yfqSUWxFvZELEM4PmlwIR,104.504
My Name Is,Eminem,0Fv6CfegUbD5Egs0dj8CVB,85.561
Boum Boum Boum,MIKA,0GHAYoQ1dlZSKImNyoi3kB,107.039
Talk About You,MIKA,0FakltQezIxYdbgimbqllt,120.039
Around the World,Daft Punk,1pKYYY0dkg23sQQXi0Q5zN,121.294
One More Time,Daft Punk,0DiWol3AO6WpXZgp0goxAV,122.746
Back In Black,AC/DC,08mG3Y1vljYA6bvDt4Wqkj,188.386
"Harder, Better, Faster, Stronger",Daft Punk,2cJz1loJp5EZM6shmQpLZN,123.494
T.N.T.,AC/DC,7LRMbd3LEoV5wZJvXT1Lwb,126.366
Hells Bells,AC/DC,69QHm3pustz01CJRwdo20z,106.767
Call Me Maybe,Carly Rae Jepsen,3TGRqZ0a2l1LRblBkJoaDx,120.021
Tongue Tied,Grouplove,0GO8y8jQk1PkHzS31d699N,112.96
I Really Like You,Carly Rae Jepsen,2uH2DIVCeTZuCfc14KFU7b,122.034
Uptown Funk (feat. Bruno Mars),Mark Ronson,32OlwWuMpZ6b0aN2RZOeMS,114.988
Take It Easy - 2013 Remaster,Eagles,4yugZvBYaoREkJKtbG08Qr,139.191
Thinking out Loud,Ed Sheeran,34gCuhDGsG4bRPIf9bb02f,78.998
Counting Stars,OneRepublic,6sy3LkhNFjJWlaeSMNwQ62,122.017
Desperado - 2013 Remaster,Eagles,2TjnCxxQRYn56Ye8gkUKiW,60.3
Life in the Fast Lane - 2013 Remaster,Eagles,6gXrEUzibufX9xYPk3HD5p,109.535
Take It to the Limit - 2013 Remaster,Eagles,2cWHN0WK52RGAWHgaDamUA,91.137
Stairway to Heaven - Remaster,Led Zeppelin,5CQ30WqJwcep0pYcV4AMNc,82.433
Immigrant Song - Remaster,Led Zeppelin,78lgmZwycJ3nzsdgmPPGNx,112.937
Pour Some Sugar On Me - Remastered 2017,Def Leppard,0PdM2a6oIjqepoEfcJo0RO,84.989
Arabian Nights,James Monroe Iglehart,3ELIHFkmMY8rJKvsTfv8AD,66.727
Dream On,Aerosmith,5MxNLUsfh7uzROypsoO5qe,160.9
Sweet Emotion,Aerosmith,24NwBd5vZ2CK8VOQVnqdxr,99.437
Walk This Way,Aerosmith,5SZ6zX4rOrEQferfFC2MfP,108.705
Dude (Looks Like A Lady),Aerosmith,6gQUbFwwdYXlKdmqRoWKJe,126.294
One Jump Ahead,Adam Jacobs,5DFqjT6TxAE5BdKb8YcPmZ,120.769
These Palace Walls,Courtney Reed,3zJzud6Gto3VvBFuhfmjd2,98.05
"Paint It, Black",The Rolling Stones,63T7DJ1AFDD6Bn8VzG6JE8,158.691
(I Can't Get No) Satisfaction - Mono Version,The Rolling Stones,2PzU4IB8Dr6mxV3lHuaG34,136.302
Friend Like Me,James Monroe Iglehart,4dsoM6q2kDJhpYB4IOL0Od,92.092
A Whole New World,Adam Jacobs,2o6Plq1EqXevSjxfIFz3cB,127.346
You Can't Always Get What You Want,The Rolling Stones,6lFZbCc7pn6Lme1NP7qQqQ,86.327
Hot Air Balloon,Owl City,2dgxZM98rGyN2cI357Npeq,100.0
Roaring 20s,Panic! At The Disco,0wdV94AXGRphrbkDWLNzVC,83.19
I Write Sins Not Tragedies,Panic! At The Disco,4948g5UqwZFLGI8UTOXqdi,169.961
We Are The Champions - Remastered 2011,Queen,7ccI9cStQbQdystvc6TvxD,64.223
Radio Ga Ga - Remastered 2011,Queen,1HmzAZUvhQLhLo2z3ocpZI,112.345
I Want To Break Free - Remastered 2011,Queen,7h2yhVxcZOGyQdOwD4Hu8J,108.947
Killer Queen - 2011 Remaster,Queen,6AAa4zIwllv49ACRh2ndLh,117.132
Somebody To Love - 2011 Remaster,Queen,3cMunJsyeFbyYm7X3LgW9T,109.772
Crazy Little Thing Called Love - 2011 Remaster,Queen,0xqaviScnf68cFZf0caB4V,76.793
Who Wants To Live Forever - 2011 Remaster,Queen,05ZPrmaISOFhW3BnkuxyLR,139.671
Red,Taylor Swift,74RZy8nGWh6SejxjPrCU3n,124.986
Confident,Demi Lovato,0Mn3amMRMoabaoTf1Publ4,130.064
Seven Seas Of Rhye - Live at Wembley '86,Queen,75EIcUGlTsUnAQkxeDhdVG,131.4
Party In The U.S.A.,Miley Cyrus,3E7dfMvvCLUddWissuqMwr,96.021
I Want It All,Queen,0GQo5VkiurD6HnVpaCNeMf,92.31
Who Wants To Live Forever,Queen,22KvnSgCUY8ix8riybbYiI,139.541
Body Language - 1991 Bonus Remix,Queen,43qaeyvJbh2V3B7CiOa50F,133.664
Just Got Paid,Sigala,0v3BMLcwUmAwyqJaf5997o,120.033
Born To Be Yours,Kygo,0kHyKhJMukHEPfeh8s7rdM,114.011
Dragon Attack,Queen,6GT9NVRrfjQFJvanUnBP5W,88.152
Don't Try Suicide,Queen,1IPMLLv2ApSZFDLwvgt5yN,135.271
Play The Game,Queen,6hyjl7z58fwPpx8273ilOC,78.486
Everything Has Changed,Taylor Swift,2si9smgJqjB3aCRpzz6rYE,80.029
Bicycle Race,Queen,5rQKjP9forn7JVuiZBj6eZ,168.164
Skyscraper,Demi Lovato,6FZGGS3n6LDwEf6UfsQasQ,103.933
Sunday Morning,Maroon 5,4T5cqerbDXueYSVfXkIITo,88.04
"Another Brick in the Wall, Pt. 2",Pink Floyd,4gMgiXfqyzZLMhsksGmbQV,104.126
Comfortably Numb,Pink Floyd,5HNCy40Ni5BZJFw1TKzRsC,127.167
Who Are You,The Who,02DurCgOvDdX0uKEjqcl3W,156.32
Baba O'Riley,The Who,3qiyyUfYe7CRYLucrPmulD,117.292
All Falls Down (feat. Juliander),Alan Walker,5yFSF6qQA1rcLsQRnBsZgb,97.976
Too Good To Be True,Rhys,3WKBNbYx32xlJQ0puFCnAJ,102.062
Behind Blue Eyes,The Who,632wpQN4nWLEvxUyGZxyLM,128.592
Don't Stop Believin',Journey,4bHsxqR3GMrXTxEPLuK5ue,118.852
"Any Way You Want It - Live at Cobo Hall in Detroit, Michigan, August 1980",Journey,71SvEDmsOwIWw1IozsZoMA,138.158
Faithfully,Journey,57ebBLITHpRgRKGrlbxMZS,85.04
Nothing Breaks Like a Heart (feat. Miley Cyrus),Mark Ronson,27rdGxbavYJeBphck5MZAF,114.066
"Defying Gravity - From ""Wicked"" Original Broadway Cast Recording/2003",Kristin Chenoweth,0yM3VmM8gHEVGViKvAbQkc,87.613
Wheel in the Sky,Journey,215wUTQQUo2PElJFEFoB0d,105.184
Hello!,Andrew Rannells,4aoF3pcr9rFBsVHUlvGqVJ,130.49
Mamma Mia - From 'Mamma Mia!' Original Motion Picture Soundtrack,Meryl Streep,6IIl4ylgYX3tnNlaU3IMRN,138.047
One Day More,Les Misérables - Original London Cast,5kXbjaPptGdfQmMfeJCXlS,81.337
Iron Man - 2012 - Remaster,Black Sabbath,3IOQZRcEkplCXg6LofKqE9,155.587
Alexander Hamilton,Leslie Odom Jr.,4TTV7EcfroSLWzXRY6gLv6,131.995
Dancing Queen - From 'Mamma Mia!' Original Motion Picture Soundtrack,Meryl Streep,2PrjhWBHUdWxUgf1P0sziA,99.992
Enter Sandman,Metallica,5BIMPccDwShpXq784RJlJp,123.331
Revolting Children,Matilda the Musical Original Cast,5jb55O3h5dfOK4YMUbTb1Y,115.911
Juke Box Hero,Foreigner,00qOE7OjRl0BpYiCiweZB2,176.647
Mercy,Shawn Mendes,0AS63m1wHv9n4VVRizK6Hc,148.128
Cold as Ice,Foreigner,7vidktgNZFQylTgH1GEnMs,130.753
Toothbrush,DNCE,7ciLq0Cip0yxiz6KANrOUq,104.978
Hot Blooded,Foreigner,6xMHglHoafdDFGXS6qfwSH,117.945
Feels like the First Time - 2008 Remaster,Foreigner,36xEjbl8DtevPJgw6i9IuY,107.705
Body Say,Demi Lovato,7xrA11O07xo57Bbg6p4hck,86.983
Double Vision,Foreigner,0fsj3HxzBHev6EJ7OLFE3r,129.546
Colors,Halsey,1TnUURhehaoMWKAqQtirm6,100.02
Million Reasons,Lady Gaga,7dZ1Odmx9jWIweQSatnRqo,129.89
Shallow,Lady Gaga,2VxeLyX666F8uXCJ0dZF8B,95.799
Story of My Life,One Direction,4nVBt6MZDDP6tRVdQTgxJg,121.07
All Star,Smash Mouth,3cfOd4CMv2snFaKAnMdnvK,104.019
Hot N Cold,Katy Perry,22Lg6vvMS2JC07aAjsGvtU,132.007
National Anthem of the PC Master Race,Dan Bull,0TIunYtX0CDnhHZ1sC5VNQ,110.009
I Kissed A Girl,Katy Perry,005lwxGU1tms6HGELIcUv9,129.996
California Gurls,Katy Perry,6tS3XVuOyu10897O3ae7bi,125.014
Civilization,Dan Bull,2P4YePkHSRwVxXcSKi2Oo1,76.548
Titanfall,Dan Bull,0QeBOYqmLurRsZBQ4cyVMZ,119.265
Unconditionally,Katy Perry,4fwbGKNExPtPHbor1TBSY4,128.861
Part Of Me,Katy Perry,1nZzRJbFvCEct3uzu04ZoL,130.028
Roar,Katy Perry,6F5c58TMEs1byxUstkzVeM,179.984
Destiny,Dan Bull,5CTFnUVbfe2N8GsJlAPwgF,127.755
Oops!...I Did It Again,Britney Spears,6naxalmIoLFWR0siv8dnQQ,95.053
Halo 4,Dan Bull,18Sfl5RMvJldTnpbrGhTaA,110.011
Gimme More,Britney Spears,6ic8OlLUNEATToEFU3xmaH,113.324
Lucky,Britney Spears,2TTYIwTM2iLC1YOyHuhRMt,95.026
Let Her Go,Passenger,6GmUVqe73u5YRfUUynZK6I,74.897
Burnin' Up,Jonas Brothers,2VEsmoek0sol9MnJFyoG9e,114.0
S.O.S.,Jonas Brothers,6sDP4912wjwB7BJhbSnjS1,137.112
Wake Me Up,Avicii,4h8VwCb1MTGoLKueQ1WgbD,124.08
Girls Like You (feat. Cardi B),Maroon 5,6V1bu6o1Yo5ZXnsCJU8Ovk,124.959
Payphone,Maroon 5,1LmN9SSHISbtp9LoaR5ZVJ,110.028
Cool,Jonas Brothers,3QmolSZqjjLksTUvZJ6pPS,79.007
She Will Be Loved - Radio Mix,Maroon 5,4llK75pXNWZz6KAho2Gp16,102.0
Moves Like Jagger - Studio Recording From The Voice Performance,Maroon 5,7LcfRTgAVTs5pQGEQgUEzN,128.047
What Lovers Do (feat. SZA),Maroon 5,2j5hsQvApottzvTn4pFJWF,110.001
Animals,Maroon 5,2bL2gyO6kBdLkNSkxXNh6x,189.868
Maps,Maroon 5,4gbVRS8gloEluzf0GzDOFc,120.032
You Give Love A Bad Name,Bon Jovi,3KYiA4vq6RPO1dE2XROXd8,122.806
Wanted Dead Or Alive,Bon Jovi,2fY6tqgrlrg1ky9fgs0t5u,150.818
Fallout,Marianas Trench,0y080AoWs2PLxJZjuhjcEl,152.099
Haven't Had Enough,Marianas Trench,2vCyLvNnBguMAY6iESbxjf,120.05
Here's To The Zeros,Marianas Trench,6zCoJw7mKhZX40HHAGHvE2,105.029
The Final Countdown,Europe,3MrRksHupTVEQ7YbA0FsZK,117.662
Cross My Heart,Marianas Trench,1LkHIkfUDhZ995ATQ1BJKW,164.035
This Is What You Came For (feat. Rihanna),Calvin Harris,0azC730Exh71aQlOt9Zj3y,123.962
Celebrity Status,Marianas Trench,14tNNpoHgVDU8es3Xr7ZWN,163.929
This Means War,Marianas Trench,2tEJkaD0GVAhpv0lEDvig3,95.973
POP 101,Marianas Trench,2fGFaTDbE8aS4f31fM0XE4,120.018
I Don’t Wanna Live Forever (Fifty Shades Darker),ZAYN,55n9yjI6qqXh5F2mYvUc2y,117.97
Blank Space,Taylor Swift,1kHEuJRasudLhjvnbfc4yS,95.997
Shake It Off,Taylor Swift,1CiVz2WkmZRwhU3A6J2Gjz,160.078
Look What You Made Me Do,Taylor Swift,1JbR9RDP3ogVNEWFgNXAjh,128.07
Love Story,Taylor Swift,1D4PL9B8gOg78jiHg3FvBb,118.984
Wildest Dreams,Taylor Swift,3ScVaMDQwaD8iumBYzcDvr,139.997
Our Song,Taylor Swift,7qGr3rjRhndRIpFUA5f2HJ,178.013
Bad Blood,Taylor Swift,273dCMFseLcVsoSWx59IoE,170.157
Who Do You Love,Marianas Trench,5KAgd2yW7tktrKDsJhO9Fr,106.989
Bad Day,Daniel Powter,0mUyMawtxj1CJ76kn9gIZK,140.046
Perfect,Ed Sheeran,0tgVpDi06FyKpA1z0VMD4v,95.05
Shape of You,Ed Sheeran,7qiZfU4dY1lWllzX7mPBI3,95.977
Photograph,Ed Sheeran,6fxVffaTuwjgEk5h9QyRjy,107.989
Castle on the Hill,Ed Sheeran,6PCUP3dWmTjcTtXY02oFdT,135.007
"How Far I'll Go - From ""Moana""",Alessia Cara,5EbX5xL3O2xT8FxCpYzgUO,180.979
Can't C Me,2Pac,09EwNbGvUyu7BDEYG0cJro,95.416
Notorious Thugs - 2014 Remaster,The Notorious B.I.G.,19FsxX4RthRMZGfXkImdCb,154.914
Forgot About Dre,Dr. Dre,7iXF2W9vKmDoGAhlHdpyIa,133.974
El Chupa Nibre,DANGERDOOM,04WbaLQhPHHmQ2dHSvxfJr,104.449
Freakin' It,Will Smith,6Kqfv9iCW7B7cdq6uujZqf,112.001
Otherside (feat. Fences) [Ryan Lewis Remix],Macklemore & Ryan Lewis,3JIqogHHQIQW1uJ5Yivb88,116.247
Infinite,Eminem,01xhMrdCefADl7HSttJaf7,82.019
Stan,Eminem,3UmaczJpikHgJFyBTAJVoz,80.063
One Mic,Nas,6MMuI4k4Vs5ghtDH5i2hBg,91.672
Winter Blues,Joyner Lucas,3LHbk7L7mFQj0Wiv4dB9lR,131.001
Brain Damage,Eminem,099MPsZhn5HkEUNlpA89rK,94.982
B.O.B. - Bombs Over Baghdad,Outkast,3WibbMr6canxRJXhNtAvLU,153.809
X Gon' Give It To Ya,DMX,1zzxoZVylsna2BQB65Ppcb,95.027
'Till I Collapse,Eminem,4xkOaSrkexMciUUogZKVTS,171.447
Sing For The Moment,Eminem,3CpoeW0cZSDzIRv5z34F87,163.961
Just Don't Give A Fuck,Eminem,2MEvYNn2tRvFDAucAtAKVq,85.571
Crank That (Soulja Boy),Soulja Boy,66TRwr5uJwPt15mfFkzhbi,140.141
Without Me,Eminem,7lQ8MOhq6IN2w8EYcFNSUk,112.238
Drug Ballad,Eminem,7tEoJKbYdIHBfn7tTIyjHW,104.759
Criminal,Eminem,18ohWhzbMCynq5QJ68ifkW,101.941
Rap God,Eminem,6or1bKJiZ06IlK0vFvY75k,148.14
Mockingbird,Eminem,561jH07mF1jHuk7KlaeF0s,84.039
Rigamortus,Kendrick Lamar,2b3KgzISdjZVNPJJ1945nw,178.012
Ni**as In Paris,JAY-Z,4Li2WHPkuyCdtmokzW2007,140.022
Hypnotize - 2014 Remaster,The Notorious B.I.G.,7KwZNVEaqikRSBSpyhXK2j,93.941
Big Poppa - 2005 Remaster,The Notorious B.I.G.,2g8HN35AnVGIk7B8yMucww,84.492
Picture Me Rollin',2Pac,37zQVgP3aTLKNvluXLB5Ii,95.905
Only God Can Judge Me,2Pac,13XHuE00ElL5thSxkaEXxK,90.185
All Eyez On Me,2Pac,2xTft6GEZeTyWNpdX94rkf,93.281
Gettin' Jiggy Wit It,Will Smith,0weAUscowxeqDtpCgtbpgp,107.891
Summertime,DJ Jazzy Jeff & The Fresh Prince,20XdEFyaUR9C7aDIdq2OAd,95.116
The Fresh Prince of Bel-Air,DJ Jazzy Jeff & The Fresh Prince,0UREO3QWbXJW3gOUXpK1am,101.152
We Know The Way,Opetaia Foa'i,6YH2r9NyEJTjlRmKOCvxgJ,98.043
Stay,Zedd,6uBhi9gBXWjanegOb2Phh0,102.04
Beautiful Now,Zedd,2ISSQPb9LHHiV6ng2NXosL,128.003
"Gaston - From ""Beauty and the Beast"" / Soundtrack Version",Richard White,0zstgBrV1t1g6n4jHrUVBY,107.124
"Belle - From ""Beauty and the Beast""/Soundtrack Version",Richard White,0Q4a3PdGEME9w8Jgqa0Gf3,129.283
I Want You To Know,Zedd,1JDIArrcepzWDTAWXdGYmP,129.998
We Are Young (feat. Janelle Monáe),fun.,7a86XRg84qjasly9f6bPSD,184.086
"When Will My Life Begin? - From ""Tangled"" / Soundtrack Version",Mandy Moore,03xWMkKEbeO4SnylA53ipj,108.066
"I've Got a Dream - From ""Tangled""/Soundtrack Version",Mandy Moore,0TCt7OFRdD8PQ6vTRQxNgQ,134.326
"For the First Time in Forever - From ""Frozen""/Soundtrack Version",Kristen Bell,70b5Sq3ePOu3Gqg0hjlOtR,90.831
"Love Is an Open Door - From ""Frozen""/Soundtrack Version",Kristen Bell,3IPnBzGRMg6BfViFxxa0Gq,100.033
Shatter Me Featuring Lzzy Hale,Lindsey Stirling,2K7j4xrQENCi5r3Hii4cVe,144.948
Highwayman,The Highwaymen,7jWbXvrgdbkajU8L28ahn5,101.384
Welcome To The Jungle,Guns N' Roses,5NIPsWpDjJTFBoPxCUUeXp,123.343
You're Welcome,Dwayne Johnson,6U4VqEHy4n5VeiH4pQPL24,135.278
Kiss the Girl - Remastered 2014,Samuel E. Wright,75VAFZAhvPSw1euEHg1fQU,134.932
Shiny,Jemaine Clement,1IZwCzAmaFmmdJj0cmhaax,146.116
"I Won't Say (I'm In Love) - From ""Hercules"" / Soundtrack Version",Susan Egan,3Dupb5AcaVFErlSSfl3szW,121.081
Summer Of '69,Bryan Adams,0GONea6G2XdnHWjNZd6zt3,139.131
Zero To Hero,Chorus - Hercules,4InER8nvZnn3nt56anVVNO,164.863
"Theme from ""The Dukes of Hazzard"" (Good Ol' Boys)",Waylon Jennings,3Mau3nU0sqcxc5z8vHmTYR,147.6
"One Jump Ahead - From ""Aladdin""/Soundtrack Version",Brad Kane,69ZNzwrCGP6h5ewkJQWWaT,123.608
"Colors of the Wind - From ""Pocahontas"" / Soundtrack Version",Judy Kuhn,1OYOLWqKmhkFIx2KC9ek1a,81.551
Safe And Sound,Capital Cities,6Z8R6UsFuGXGtiIxiD8ISb,117.956
Strangers Like Me,Phil Collins,3E99KpWAcYEnj64e86y6u9,119.841
Go the Distance,Roger Bart,2rm72l5pjfby1cWvPMUojI,86.614
The Gospel Truth I / Main Titles - Hercules,Cheryl Freeman,0I8mZRtlFGOqZayJbEAdxL,157.998
Turn The Page,Metallica,7HPhrbgMHV5cUskknWA2oo,149.045
Something to Be Proud Of,Montgomery Gentry,4D8uIY6Wzj7dJDaw0dW0UF,97.555
What Do Ya Think About That,Montgomery Gentry,6u8phyrH4qbybaIyxtJ9RS,157.067
Fight Song,Rachel Platten,37f4ITSlgPX81ad2EvmVQr,175.924
Honor To Us All,Lea Salonga,3dn0WbPmRrKV9t6LlmgDLg,168.051
Hold Back The River,James Bay,7tmtOEDxPN7CWaQWBsG1DY,134.923
The Bare Necessities,Phil Harris,5VqXwCYPMCMa0s4ZmpfJ6r,103.066
Let It Go,James Bay,13HVjjWUZFaWilh2QUJKsP,147.464
Life is a Highway,Rascal Flatts,02SjT88MukDOa9KuuRuODY,103.055
See You Again (feat. Charlie Puth),Wiz Khalifa,2JzZzZUQj3Qff7wapcbKjc,80.025
Black and Yellow,Wiz Khalifa,5A6OHHy73AR5tLxgTc98zz,164.02
Glorious (feat. Skylar Grey),Macklemore,0CokSRCu5hZgPxcZBaEzVE,139.994
This Is Me,Demi Lovato,2JQRlt3HpTCpRvcfDsbwic,90.992
idontwannabeyouanymore,Billie Eilish,41zXlQxzTi6cGAjpOXyLYH,170.163
Take Me Out,Franz Ferdinand,7kw6yVmdZGuRcWGi4adXYT,104.656
Cum on Feel the Noize,Quiet Riot,6CfjAVG9FwmwRtxE8yEWlu,145.105
I'm A Believer - Radio Edit,Smash Mouth,1RC5Mb0VhnlhnMlFDnrvE0,82.336
Home,Blue October,4ChdLsuadEtrpomCKiXmQf,170.025
Radioactive,Imagine Dragons,6Ep6BzIOB9tz3P4sWqiiAB,136.249
Demons,Imagine Dragons,2Oehrcv4Kov0SuIgWyQY9e,179.561
Thunder,Imagine Dragons,56lBX2WHqfGuoeZxZvUnVj,167.879
Believer,Imagine Dragons,6VRghJeP6I0w1KxkdWFfIh,125.013
Anything Goes (with Vince Giordano & The Nighthawks),Cole Porter,0oulhgKMk5RUADidNicdky,156.056
Dare (La La La),Shakira,2TBWfzWL2h1HYSjvQOndyL,128.029
Whatever It Takes,Imagine Dragons,4izg6Hydc6XGErWW6nbdsV,134.942
Can't Be Touched (feat. Mr. Magic & Trouble),Roy Jones Jr.,3zmduBNsQ6BPDTZAkXzG5K,96.986
Centuries,Fall Out Boy,04aAxqtGp5pv12UXAg4pkq,176.042
Immortals,Fall Out Boy,3Te8uLyit6X3ncNW8Fp3K2,108.016
Waiting For Love,Avicii,2P4OICZRVAQcYAV2JReRfj,127.999
Welcome to the Black Parade,My Chemical Romance,5wQnmLuC1W7ATsArWACrgW,96.95
Heart of Courage,Thomas Bergersen,4JtvyWkWQTPVcroZf8JJkp,135.047
Victory,Two Steps from Hell,2F9xBxKbx2M0pbgtSu8fLf,119.993
Ignition - Remix,R. Kelly,5dNfHmqgr128gMY2tc5CeJ,133.024
Protectors of the Earth,Thomas Bergersen,1YtHpYEbbfQQIyxXkdxEoW,109.98
Strength of a Thousand Men,Thomas Bergersen,3GJZLvGXaVszYdSBLMtJFX,140.021
Archangel,Thomas Bergersen,3pTNVDJpzaLxiZnbC18SMX,79.989
Holes In The Floor Of Heaven,Steve Wariner,1pZbQrvzJExLxvhYcrsYdG,108.946
Dust in the Wind,Kansas,6zeE5tKyr8Nu882DQhhSQI,93.503
Carry on Wayward Son,Kansas,4DMKwE2E2iYDKY01C335Uw,126.755
Anything,Hedley,5kiD3qnsuhV2YwH4bq93Yc,151.989
Kiss You Inside Out,Hedley,28Szb6CPeFS7LFlwbSOG1v,119.972
Crazy For You,Hedley,5yXDTOFP5K7YFC0FEHv1ho,117.019
Lose Control,Hedley,07F3PrhWq1rEgTfRuFSAxx,119.974
Waterloo,Stonewall Jackson,3YXPyakTFaoVS2ffimogLR,203.85
Heaven In Our Headlights,Hedley,468oGE6AlJILlhe7ZiOpzf,119.651
Bullet For Your Dreams,Hedley,1pCabVke4zMP0KYDViwXjC,129.004
Sweet Dreams (Are Made of This) - Remastered,Eurythmics,1TfqLAPs4K3s2rJMoCokcS,125.135
Detroit Vs. Everybody,Eminem,5vZCCUeBhHO4GHHu6zlrzf,175.89
Battle Without Honor Or Humanity,HOTEI,6Q32Vkucx2qeuVyBd3NiFZ,94.699
Invincible,Hedley,1eMcmN5zm0gw085NJjkoQS,95.992
The Valkyrie: Ride of the Valkyries,Richard Wagner,6KW3c8H3d13uToUp6UAqxl,95.003
Cha-Ching,Hedley,0j4QliCKwfGvgwGQuiLSk6,117.996
In the Hall of the Mountain King,Moscow Symphony Orchestra,5ROXGQzJMXXs7Meo8vI7VI,140.227
Bring Me To Life,Evanescence,0COqiPhxzoWICwFCS4eZcp,94.612
Never Too Late,Hedley,0jsa8JUQs5ME6QZxxK3UjS,113.882
When You Leave (Numa Numa) - Basshunter Radio Mix,Alina,1nfSX4WR7wsC8FZJlZKH6W,134.981
Been There Done That,Hedley,4h9KjvFPttf06mnvguzqA6,153.988
Come Out Ye Black & Tans,The Wolfe Tones,5ueyUIOcH7iDpNzuR1LsKn,99.425
Hand Grenade,Hedley,7fa2AkcLHROCSzlmCC7Peb,144.189
Stereo Hearts (feat. Adam Levine),Gym Class Heroes,0qOnSQQF0yzuPWsXrQ9paz,89.99
50 Ways to Say Goodbye,Train,2NniAhAtkRACaMeYt48xlD,140.043
In the End,Linkin Park,60a0Rd6pjrkxjPbaKzXjfq,105.143
Bad At Love,Halsey,7y9iMe8SOB6z3NoHE2OfXl,118.384
High Hopes,Panic! At The Disco,1rqqCSm0Qe4I9rUvWncaom,82.014
Sorry Not Sorry,Demi Lovato,3m660poUr1chesgkkjQM7P,144.021
Photograph,Nickelback,3hb2ScEVkGchcAQqrPLP0R,145.916
Here,Alessia Cara,1wYZZtamWTQAoj8B812uKQ,120.462
I Am the Fire,Halestorm,5MapUlM1un2Kh4aZ3IyWcL,171.888
I Miss the Misery,Halestorm,3gmEzilP9BzF45wIMvA16l,164.042
Check Yes Or No,George Strait,6iy4PoAuZBMvtrlDX4VxC7,111.482
Little Man,Alan Jackson,7g6rfMPGnt8dFmnnRHRl1U,119.798
Your Man,Josh Turner,1WzAeadSKJhqykZFbJNmQv,100.511
It's A Great Day To Be Alive,Travis Tritt,3oW6SWwGqiZSPTiAp7ZQoH,128.93
God Blessed Texas,Little Texas,4qkshp4FWe0msInDWTbBlR,128.798
Achy Breaky Heart,Billy Ray Cyrus,2EoIt9vdgFRNW03u5IvFsQ,121.808
Meet In the Middle,Diamond Rio,7lUE02KHkZM44BZgjCaWRO,91.11
My Maria,Brooks & Dunn,09qzRI951OVkXGCc33gzcT,125.57
Where The Green Grass Grows,Tim McGraw,0nDjzA4kns1QOWPXuOn6Xw,159.699
Wagon Wheel,Darius Rucker,3xdjjKMcMOFgo1eQrfbogM,148.096
Time Marches On,Tracy Lawrence,2TIEeLrOQrGnO2D2OeDDJu,118.399
Fishin' in the Dark,Nitty Gritty Dirt Band,7lJbTVbDEMa3w7NFamrwdq,77.756
She Looks So Perfect,5 Seconds of Summer,5cPO2j2p9Myq77YQVwWyrN,160.025
Billionaire (feat. Bruno Mars),Travie McCoy,2qPUnoasNe4Ep43emVXEig,86.776
How Do You Like Me Now?!,Toby Keith,7rDcULv8vV16vetBjPJhuE,109.609
"Love Without End, Amen",George Strait,4pFNWAU8e8F32NQkMyLAZi,88.491
Play Something Country,Brooks & Dunn,0SineTesaejYlgW5pwLo10,115.148
Dust On The Bottle,David Lee Murphy,0Xg68XXMRWzKQvD5S6BFvI,99.942
Be My Baby Tonight,John Michael Montgomery,7pY4ul6PNtKKHCCQgYVtT7,156.88
You Never Even Called Me By My Name,David Allan Coe,79LlAMTYVtstx7OtxCmgRZ,105.367
Toes,Zac Brown Band,5kjyiH6but1t2UDXq15aeS,129.979
East Bound and Down,Jerry Reed,4NzlpYVrTYG1eo8BCu3MLB,120.795
Louisiana Saturday Night,Mel McDaniel,50PU05RTGva8laKDwxED9Y,163.245
Knee Deep (feat. Jimmy Buffett),Zac Brown Band,1yEwEiTpsaPhQi9lb5EVV4,90.987
Save a Horse (Ride a Cowboy),Big & Rich,5s7m2xNZWgz5FqVSIvJcGA,102.065
Blue Clear Sky,George Strait,59MIR30ATtW8kTaX3SCpq0,124.062
I'm From The Country - Single Version,Tracy Byrd,5Lwc3DTWzX6JaW2x2PZezt,129.542
You've Got to Stand for Something,Aaron Tippin,6EJvSCTAgtRbqgBS1gAHGO,83.472
A Better Man,Clint Black,10UIQSUilyh2ttlFeAaaPP,162.161
Prop Me Up Beside the Jukebox (If I Die),Joe Diffie,3hP7U1NmWEyeZRpLA1BhYj,140.511
The Ride,David Allan Coe,2x0l9ZSlFXlDTByKu5NXdK,166.944
I'm Gonna Be Somebody,Travis Tritt,4ICSwxlVyGaTquNqblL7Y9,76.406
Thank God I'm a Country Boy,John Denver,69HICMmc6nNLucAx3aJX9M,105.603
Small Town Saturday Night,Hal Ketchum,7uLQTOxQ3nwwoHuxwt2AHJ,154.086
Down On The Farm,Tim McGraw,65N3RYCN1DgfY0Zcv5k9kr,127.575
Would You Go With Me,Josh Turner,1KhrAWvLIjRlQIJtSTgvsi,122.918
When It Rains It Pours,Luke Combs,1mMLMZYXkMueg65jRRWG1l,128.027
A Little Less Talk And A Lot More Action,Toby Keith,17W3UG45FiaSO3yatIUaZ5,124.884
Boys 'Round Here (feat. Pistol Annies & Friends),Blake Shelton,39FwE8edwuyiaa4PrGBkP7,169.895
Ladies Love Country Boys,Trace Adkins,13Oda4GsHXzRAfquxWkrzA,116.284
Cruise,Florida Georgia Line,0i5el041vd6nxrGEU8QRxy,148.0
I Wanna Talk About Me,Toby Keith,3VHevS1BocAcrihLnl11DG,106.06
T-R-O-U-B-L-E,Travis Tritt,5YY64mW5PL5waJKUsIJIQt,179.311
Roll On (Eighteen Wheeler),Alabama,7Fhgor5m0lekhS0jw4jklT,131.983
I Swear,John Michael Montgomery,7wIaLkbQzG6HMnE28etnif,85.523
Something Like That,Tim McGraw,6leiB1fEsTnVCuPiielde5,171.8
Too Much Fun,Daryle Singletary,38CnG9HxpVtqXVqpESBr6H,151.785
Mama Tried,Merle Haggard & The Strangers,04ilBEd1FVUhpv9ItR6yTN,97.982
She's Got It All,Kenny Chesney,4l8u5h7OjkZo2UmyUoeKYJ,132.728
Bubba Shot The Jukebox,Mark Chesnutt,0PsBdKWnOQGMo9smobflvy,165.484
Fightin Side Of Me,Merle Haggard,0CQuh4fFCMG2OMKkixs7iu,95.483
I Love It (feat. Charli XCX) - Original Version,Icona Pop,3VZQshi4COChhXaz7cLP02,125.927
Emergency,Icona Pop,6E7oFW7xTK6Ghucsq6tMUj,125.985
Thnks fr th Mmrs,Fall Out Boy,0Xm1MphW32ekOkhnoe61lk,154.837
Ain't No Rest for the Wicked,Cage The Elephant,3kb72STxc2959ZqsTwu52i,156.004
All I Do Is Win,DJ Khaled,4TMWmQem0lF0xdwwoEor9M,150.097
This Is Gospel,Panic! At The Disco,3yZQk5PC52CCmT4ZaTIKvv,156.073
Here With Me,Marshmello,5icOoE6VgqFKohjWWNp0Ac,99.961
Dovahkiin,Dan Bull,3TGzYWUYVNnMb6SVe2DXfN,76.175
"Sincerely, Me",Mike Faist,4nna9JONFIwr98bcX6tlta,97.864
I Believe,Andrew Rannells,4YfNmQKnrX5DrlAxSAnMoA,166.553
Back To Basics,Hedley,3YhGfIeTkQBDd3v8qth97J,184.105
Dreaming's For Sleeping,Hedley,4rdkGrk8XZsM5y4UbL46mQ,120.003
The Everclear Song,Roger Creager,5H2VJLVLiXlLStv4McVSZG,115.035
I Walk the Line,Johnny Cash,7hxZF4jETnE5Q75rKQnMjE,98.805
"Check Yes, Juliet",We The Kings,0wVluBsVAVzBKrqspuCcwR,166.795
ME! (feat. Brendon Urie of Panic! At The Disco),Taylor Swift,4Sib57MmYGJzSvkW84jTwh,182.123
raindrops (an angel cried),Ariana Grande,0v2LUO8oTHnkjQ8MmKuXyk,168.685
no tears left to cry,Ariana Grande,2qT1uLXPVPzGgFOx4jtEuo,121.993
Side To Side,Ariana Grande,1pKeFVVUOPjFsOABub0OaV,159.173
successful,Ariana Grande,5YeHLHDdQ4nKHk81XFWhCU,114.045
7 rings,Ariana Grande,6ocbgoVGwYJhOv1GgI9NsF,140.048
Havana (feat. Young Thug),Camila Cabello,1rfofaqEpACxVEHIZBJe6W,104.988
If I Can't Have You,Shawn Mendes,6LsAAHotRLMOHfCsSfYCsz,123.911
T-Pain Mashup (with Kurt Hugo Schneider),T-Pain,5daPDkqS2ftQClyDn1pSk2,171.504
All Caps,Madvillain,1Y2ExJJ9Dmb9po8K0ybSj3,85.61
Rhinestone Cowboy,Madvillain,0F8FJjvopb8WYgRXb5Qb9F,142.388
Whoa Whoa Whoa,Watsky,3UYhSPI2lVFfbnC6usruPj,149.888
Sweet but Psycho,Ava Max,25sgk305KZfyuqVBQIahim,133.002
all the good girls go to hell,Billie Eilish,6IRdLKIyS4p7XNiP8r6rsx,185.044
The Safety Dance,Men Without Hats,5ZpDiWqCG93McsnuHu9uCR,100.2
Fade Away,Logic,4QRWA5UqYU1st9aO0UfxOj,75.986
Gang Related,Logic,1Kp6WFxRzc0sRBmGSgIYat,131.95
Till The End,Logic,66urf1ZXFy4qVKdNqcdbaZ,151.882
Finesse - Remix; feat. Cardi B,Bruno Mars,3Vo4wInECJQuz9BIBMOu8i,105.115
The Joker,Steve Miller Band,1bp2IO61zbQrbWNmKKxg3f,83.293
Ante Up (Robbin Hoodz Theory),M.O.P.,550JPXXPgjr1xqxtKIaX6b,94.138
Señorita,Shawn Mendes,0TK2YIli7K1leLovkQiNik,116.947
Remember The Name (feat. Eminem & 50 Cent),Ed Sheeran,0AtP8EkGPn6SwxKDaUuXec,91.046
Year 3000,Jonas Brothers,4zP7ADsgJgHGY6VzxbNp1z,106.965
Exhale,Sabrina Carpenter,6CagMrZXJUdGGIw6Eaepos,74.009
Whiskey Glasses,Morgan Wallen,6foY66mWZN0pSRjZ408c00,149.959
You're the Best,The Karate Kid,0Z27xVPEXEnh3LdvqGgteO,94.503
Despacito,Luis Fonsi,6habFhsOp2NvshLv26DqMb,177.928
Born This Way,Lady Gaga,6r2BECwMgEoRb5yLfp0Hca,123.907
Bad Romance,Lady Gaga,0SiywuOBRcynK0uKGWdCnn,119.001
Poker Face,Lady Gaga,7zACUQbWQxzT4aER7ityBV,118.999
Just Dance,Lady Gaga,3QuEpyj4kTRWiWuckd1hcK,118.992
Wanted - String Mix,OneRepublic,4BltOFLhXUDvXV0MAmoep7,145.89
Kung Fu Fighting,Carl Douglas,40NRm1ZLvZpUSCUXAGGZ8J,102.035
The Man,Taylor Swift,3RauEVgRgj1IuWdJ9fDs70,110.048
Photograph,Ed Sheeran,1HNkqx9Ahdgi1Ixy2xkKkL,107.989
Lover,Taylor Swift,1dGr1c8CrMLDpV6mPbImSI,68.534
Believe (feat. Justin Timberlake),Justin Timberlake,6fvqvUQr12qghH4N8gpAch,87.008
"Tiny Glowing Screens, Pt. 3",Watsky,2vGniq27SpGmajGsASzNf2,83.407
Footloose,Blake Shelton,4shPfi6RsJiwQtso2XFGiL,173.98
Godzilla (feat. Juice WRLD),Eminem,7FIWs0pqAYbP91WWM0vlTQ,165.995
Empire State Of Mind,JAY-Z,2igwFfvr1OAGX9SKDCPBwO,173.585
Numb / Encore,JAY-Z,5sNESr6pQfIhL3krM8CtZn,107.045
Ain't No Half-Steppin',Big Daddy Kane,1BcsNp3Q48teZ9gAeCaLWV,100.842
How U Get a Record Deal?,Big Daddy Kane,2RQXlqIcKMM7coIyCzyvDg,99.402
Don't Start Now,Dua Lipa,6WrI0LAC5M1Rw2MnX2ZvEg,123.941
Woman Like Me (feat. Nicki Minaj),Little Mix,222B3aljXx6fFwKmFjuBED,75.002
Moment 4 Life,Nicki Minaj,0ConttVd0Ebk3dLNquOmh0,97.943
Break My Heart,Dua Lipa,017PF4Q3l4DBUiWoXk4OWT,113.011
Good Day,Nappy Roots,4cnqxdE2opmhp7MwkvhkAJ,94.004
My Oh My (feat. DaBaby),Camila Cabello,3yOlyBJuViE2YSGn3nVE1K,105.046
Break,Annika Wells,6LuDBVDciOhIfLX7xxz1TJ,186.079
Shelter from the Storm,The Stupendium,3pvyxDOIOcz2MBkN5qyRzc,90.049
Heat Of The Moment,Asia,1nmZ8yqKkfooOuYvtFctDp,136.232
You Can't Stop The Beat,Elijah Kelley,3pMsqOoZTtzUiZXmDVtrCD,170.484
Dishonored,Dan Bull,5mXOpemTUioE6CER7tL36a,90.758
Time Warp,Little Nell,4WFeJTXNHIS2wURtwlAkhu,174.896
From Now On,Hugh Jackman,3IkWmgGsXbsafrunwPojXO,108.027
The Phantom Of The Opera,Andrew Lloyd Webber,5qlABWwod6dgDCmRAAF5J5,119.658
Angel of Music - Single Album Version,Andrew Lloyd Webber,5TZmPN0Ggqv9BRW3DH7am6,163.249
Think of Me - Single Album Version,Andrew Lloyd Webber,4DqMeTXnh7EgJnbGDSKlFR,84.631
Overture - Single Album Version,Andrew Lloyd Webber,6IvfEaVNZAOaDXHl3Q8RiM,121.709
The Point of No Return - Single Album Version,Andrew Lloyd Webber,0HpXT277koGXBNHj0UoPpC,83.69
Down Once More/Track Down This Murderer - Medley/Single Album Version,Andrew Lloyd Webber,2w0dvaXGqlTyL2lEFEhYvv,82.248
The Phantom of the Opera - Single Album Version,Andrew Lloyd Webber,70gOupwTsC5iq2x3i6Q8f3,119.994
All I Ask of You - Single Album Version,Andrew Lloyd Webber,2tS8db7yYcQnk20ivGLcb9,75.142
Masquerade - Single Album Version,Andrew Lloyd Webber,3ocuxUhzXtq6cILjTVXUvf,98.903
Think Of Me,Andrew Lloyd Webber,6eJ0qhctR7doDBkS9SL9cy,100.857
Medley: Down Once More / Track Down This Murderer,Andrew Lloyd Webber,5i7onLU8iJDQdc8V1A7NbR,107.384
Good Time,Owl City,1kPpge9JDLpcj15qgrPbYX,126.05
Something Wild (feat. Andrew McMahon in the Wilderness),Lindsey Stirling,4d0m6f46k1bX6ZQtfmg1Uj,106.046
Twinz (Deep Cover '98),Big Pun,0iH0KPfp8FcFnWfLQy57x6,95.025
Whatcha Gon Do (feat. Terror Squad),Big Pun,6puTQeOP8nUDSBGYKoeT8E,90.086
FIND MY WAY,DaBaby,1lGHa2pwYzxQHFBUynhLtO,103.0
Like I Ain't,Tech N9ne,5dqrgmHHBuUzwYKBXJuIm0,116.03
Shake It,Metro Station,5619Ojc6t9evEEs3B7Drhe,150.034
Righteous,Juice WRLD,0OyQns5ayNK2OVaES0Vb8t,142.942
The Greatest Showman Medley: The Greatest Show / A Million Dreams / Never Enough / Rewrite the Stars / This Is Me,Anthem Lights,2SeDMCh42CfY97ZUV3jH27,131.605
Dear God,Dax,79DZ36cgwkw38bszTWltiW,117.156
Nothin' on You (feat. Bruno Mars),B.o.B,59dLtGBS26x7kc0rHbaPrq,103.993
So Good,B.o.B,28GUjBGqZVcAV4PHSYzkj2,85.51
What Was I Thinkin',Dierks Bentley,0r8iDf65NHgFgZOGLwj5r8,164.857
Five More Minutes,Jonas Brothers,0WxSQtLMCLcsAOhliamv5W,94.037
Only Human,Jonas Brothers,0DiDStADDVh3SvAsoJAFMk,94.01
Hesitate,Jonas Brothers,7fiFJADUcHwTdYLmnZeLAy,118.051
Jealous,Nick Jonas,4lSkNB2fp7roRthqwD7p8k,93.01
Comeback,Jonas Brothers,064tgRK6FYBwikCdxaHFV1,145.009
Rollercoaster,Jonas Brothers,7dxKdQC9Vo1hDxIUnt1z0Q,123.977
Hello Beautiful,Jonas Brothers,7bhoPvDq4gDQ58JkqP9uAG,83.096
BB Good,Jonas Brothers,7KX5NC5lHbjywDbHa2Uace,135.009
"Don't Give Up On Me - (From ""Five Feet Apart"")",Andy Grammer,5A3fPy30SN2wuzrahpcxvV,112.864
You & Me,James TW,1bQhZOoXYqjXs7u7rFXo0h,127.015
Post Malone (feat. RANI) - VIZE Remix,Sam Feldt,3mruwwpKfG5NYmnEr6O5Dw,124.017
1985,Bowling For Soup,5oQcOu1omDykbIPSdSQQNJ,119.974
I Just Wanna Run,The Downtown Fiction,3WLLJzllBEgPiSA0qd3BN3,128.103
The Great Escape,Boys Like Girls,56Tl3UgyZTqfZtvFNS31wm,149.934
Goodbye Song,MKTO,5XY2LEP0uEeUuDMVNdNTI8,99.019
head first,Christian French,1nDOeWBfRKA5YNQ8bKWzMM,127.052
Just My Type,The Vamps,0q2e5jdjxFaaYRf49b1vLj,125.014
Memories,Maroon 5,2b8fOow8UzyDFAE27YhOZM,91.019
Rain On Me (with Ariana Grande),Lady Gaga,7ju97lgwC2rKQ6wwsf9no9,123.056
All I Need (with Mahalia & Ty Dolla $ign),Jacob Collier,68j5DYmCikBzcp60Sv6xWO,78.001
Cornelia Street - Live From Paris,Taylor Swift,3fGnrtrtL1IHSX9t4DKOYf,97.085
Bored,Tessa Violet,2iKp7e9MFT5kWdyeV5B9Ne,126.074
New,Ben Platt,4q9vIHlDyzwNtbKqgCHVIB,100.005
Someone You Like,The Girl and The Dreamcatcher,6CI9orrXh2g9V5qWwj3sH7,123.988
Satisfied,Renée Elise Goldsberry,3dP0pLbg9OfVwssDjp9aT0,123.772
Non-Stop,Leslie Odom Jr.,7qfoq1JFKBUEIvhqOHzuqX,91.994
Cabinet Battle #1,Christopher Jackson,3TfKt8mPpdXfQTMfRjHzyz,87.043
The Room Where It Happens,Leslie Odom Jr.,2TK2KSrzXD6W01qjXVjNGh,173.552
Washington on Your Side,Leslie Odom Jr.,1WHNqqRWhJVZIdCScFKtl5,134.051
What'd I Miss,Daveed Diggs,2W9u3whoCkQYOUbmnSrHi1,177.787
"Dancing Through Life - From ""Wicked"" Original Broadway Cast Recording/2003",Norbert Leo Butz,45Yr7rD2vH3OsTRseT6gfA,116.606
"Popular - From ""Wicked"" Original Broadway Cast Recording/2003",Kristin Chenoweth,57Pk2GU0ABFYBbbcgYxqki,88.864
Farmer Refuted,Thayne Jasperson,2G9lekfCh83S0lt2yfffBz,77.879
You'll Be Back,Jonathan Groff,6OG1S805gIrH5nAQbEOPY3,121.741
What Comes Next?,Jonathan Groff,3D4J0o9w44QKFrBrYrSVJY,114.972
I Know Him,Jonathan Groff,4eeN8erNIbW2osT0knz5vT,121.581
Daisies,Katy Perry,4uqh9bualXNHXXwO2wPorc,122.179
Angel,Theory of a Deadman,2qJkesdHu9sMMVFgkRkqhQ,76.001
Paralyzer,Finger Eleven,28IEbk5a7twNTbUEvWslUb,106.031
Addicted,Saving Abel,3pxCXv0NACYfYnLjFcQW5D,138.018
Face Down,The Red Jumpsuit Apparatus,4wzjNqjKAKDU82e8uMhzmr,92.956
The Diary of Jane - Single Version,Breaking Benjamin,0faXHILILebCGnJBPU6KJJ,167.024
sauceintherough - bonus track,brakence,7HJIsMRaspjB0Dvi2qzOgp,77.547
If Today Was Your Last Day,Nickelback,4QJLKU75Rg4558f4LbDBRi,89.956
What the Hell,Avril Lavigne,2z4U9d5OAA4YLNXoCgioxo,149.976
Let Me Go (feat. Chad Kroeger),Avril Lavigne,2o0V0AATmWmCmMOAFWDuEV,164.196
Eastside (with Halsey & Khalid),benny blanco,7FGq80cy8juXBCD2nrqdWU,89.949
You should be sad,Halsey,7lidXGPXPYLNThITAOTlkK,110.94
3am,Halsey,1OfLNb6dQ9dra1B58iT9Ex,189.76
West Ten,AJ Tracey,33EGYJLLwz56YIP5Ex9VKs,129.972
Black Mirror,Mr. Muthafuckin' eXquire,23rvx8Jjqkg2FsrF5tLsNK,91.415
Let's Go (feat. Big D & Twista),Trick Daddy,1fLibtVj3MrNTwRZq5yUOs,133.929
Beast - Southpaw Remix,Rob Bailey & The Hustle Standard,2fWSwWmKRuyioqIzOzuQGo,143.991
Still Not a Player - Remix,Big Pun,3xzctUShLsuDopk5VHLTmO,94.13
Just for One Night (feat. Astrid S),Blonde,7AEV4oGvHPn1DtAE7pLCXR,118.005
I Like (the idea of) You,Tessa Violet,62XsUDISgorMOl0wEyTmjF,120.975
Games,Tessa Violet,0M5magat8i2u407cnflNkV,147.991
Not over You,Tessa Violet,6l6VorBrQut6Ee0p19lYvG,131.996
Gorgeous,Taylor Swift,7ut4Y7gxOFe3d3rLJQ7i5w,92.027
Style,Taylor Swift,4lIxdJw6W3Fg4vUIYCB0S5,95.021
I Did Something Bad,Taylor Swift,3TcMyNevhQZ35yaA8jHSBq,82.989
Our Song,Taylor Swift,15DeqWWQB4dcEWzJg15VrN,89.011
Mean,Taylor Swift,5yEPktRqvIhko5QFF3aBhQ,163.974
Fifteen,Taylor Swift,4t0OI7XrODjSkAu3bTPmWj,95.485
Picture To Burn,Taylor Swift,32mVHdy0bi1XKgr0ajsBlG,105.586
You're Such A,Hailee Steinfeld,3QTDzwSkRW04FVPo6COm0H,176.028
"Hey Look Ma, I Made It",Panic! At The Disco,22oEJW6r2rMb9z4IntfyEa,107.936
Make You Stay,The Girl and The Dreamcatcher,3Aw9MD8F4dbKEnUKKDY7rO,203.145
Glowing in the Dark,The Girl and The Dreamcatcher,37CeMeSFSYwXX0Uw2XdLvk,104.006
Anybody Have a Map?,Rachel Bay Jones,0SjjcXfArhzePhEzDNkY8z,107.768
If I Could Tell Her,Ben Platt,6nkcPGa0sr24NFCc5l5UjE,96.026
To Break In a Glove,Michael Park,6433GYPXbZUJWTCIdhW1as,108.491
Good For You,Rachel Bay Jones,7FIrk5lA1IalpZ3OtieeC8,107.802
Do-Re-Mi,Julie Andrews,7IqgWCJ1QC7Ldif9dy8fds,132.151
Begin Again,Taylor Swift,0L4YCNRfXAoTvdpWeH2RGj,79.025
Candy Store,Jessica Keenan Wynn,13Soih2NRLeDx8Unbr22mx,141.855
Good Morning Baltimore,Nikki Blonsky,4LRuYjrhMEhiuo5wa4XfYL,133.037
My Shot,Lin-Manuel Miranda,4cxvludVmQxryrnx1m9FqL,180.466
Making Things up Again,Lewis Cleale,78XTGDFDdOMMWy778APlBK,147.25
"What Is This Feeling? - From ""Wicked"" Original Broadway Cast Recording/2003",Stephen Schwartz,1WitAaRV8SMreQaNLcBjdQ,152.311
Summer Nights - From “Grease”,John Travolta,2AVkArcfALVk2X8sfPRzya,124.336
Nobody's Perfect - From “Hannah Montana 2”,Hannah Montana,04I8PSUj9AJuilHskNMV5G,131.968
Run Away With Me,Carly Rae Jepsen,5e0vgBWfwToyphURwynSXa,119.023
Death of a Bachelor,Panic! At The Disco,1BECwm5qkaBwlbfo4kpYx8,139.256
LA Devotee,Panic! At The Disco,2fmCA13dwQQOGBIbIOWRiJ,175.998
Ч.П.Х.,Leningrad,5uAyDuM2KwvDd1ow02EbGR,117.054
FIESTA,IZ*ONE,71vPAjlG1x606483GTJNhY,122.999
Driving Ms Daisy,Logic,6IlQTriFgUeEbVx3Y10sia,160.049
Dead Wrong (feat. Eminem) - 2005 Remaster,The Notorious B.I.G.,6s4kWgzQwsueo3mfllY1s6,82.228
Nothing To Lose,2Pac,359XHMdoteDDEFB0HQqZrG,103.446
Five More Minutes,Scotty McCreery,3qTmB5HxP9ilJaiM6B1yuk,156.03
Pray For You,Jaron And The Long Road To Love,3HMMQkT3IMvMBbvxUNPpK3,139.649
Say My Name,David Guetta,0YammaEkYSeo9vQYZ1OwS6,95.031
Share Your Address,Ben Platt,74IgSPXYXx7v95NpCzGgsW,127.937
Magic In The Hamptons (feat. Lil Yachty),Social House,2Yer0p7uB2lVBUAtANuuQp,96.051
I Choose You,Sara Bareilles,7jJH8F3PHlNvxfqEAAfFDl,154.038
Mess,Noah Kahan,1BlQWQgGP84r4GYUVty4Ar,80.848
Hurt Somebody,Noah Kahan,2Zg0aB5oVQlbQE1vzQmIIY,114.576
Winners Never Quit,Owl City,6BiljdOcvjAqs8QZ6b9QlX,92.004
Waste,Dove Cameron,5eV4XhCZT6QaeqK4nVqIEo,180.059
Jump Then Fall,Taylor Swift,08gavXombT6KR0af88i9tA,79.991
Don’t Feel Like Crying,Sigrid,1oLSje4Ot5qRUq8FqYeXOl,119.964
Remember Me (feat. BIA),Dove Cameron,1A4knkdsQJPLTnMcjNIwZd,155.102
Lockdown,Koffee,0izUjTuDrUy2FgQOSRALSU,94.021
She Loves Control,Camila Cabello,5HwnezK198pJCEj1l2Adjy,94.9
Almost Home,Craig Morgan,6FW9MTGMjR5A6q2o7PLuuz,75.974
Montana,Owl City,52rjvZUw1nagrvsIqc91Eu,125.078
Toss A Coin To Your Witcher,Sonya Belousova,2KMLGJ1mPfRE4GNdL92rl3,103.128
"Toss a Coin to Your Witcher (From ""The Witcher Series"")",Peter Hollens,0Wspjmao7Qlvfzf0tWeFer,99.918
Summer Days (feat. Macklemore & Patrick Stump of Fall Out Boy),Martin Garrix,7Feaw9WAEREY0DUOSXJLOM,113.778
Talk Too Much,COIN,7FX3ZWE70VRjsprg5oeECc,103.972
illicit affairs,Taylor Swift,2NmsngXHeC1GQ9wWrzhOMf,119.845
invisible string,Taylor Swift,6VsvKPJ4xjVNKpI8VVZ3SV,83.433
Brand New,Ben Rector,07m8PuXxxv5J4qPEDq6ZkK,144.874
Electric Love,BØRNS,2GiJYvgVaD2HtM8GqD9EgQ,120.041
Crazy Beautiful,Andy Grammer,4krQoYa2TBsvUBtAz6gOBI,100.522
"December, 1963 (Oh What a Night!)",Frankie Valli & The Four Seasons,1hQFF33xi8ruavZNyovtUN,104.409
Don’t Blame Me,Taylor Swift,1R0a2iXumgCiFb7HEZ7gUE,135.917
S.L.U.T.,Bea Miller,6h3lMAmmpQDFqoHk9F99IR,94.997
Day Dreaming,Jack & Jack,2JRLoT6z48Pfihyj1s1u77,101.241
Raise Hell,Dorothy,2NPHU2WJaI3rrtCNNuQ8L1,79.963
Hit and Run,LOLO,5NyA9sbbbRbjBeoJqFw1th,98.033
Horns,Bryce Fox,5oyCruHORvRI8UEh9xVyam,156.241
Kill Of The Night,Gin Wigmore,2m17BTWlZq0wtS9cpJsCfM,126.235
Play with Fire (feat. Yacht Money),Sam Tinnesz,7vguMCv8uVuZLiQJ156u3Z,75.012
Hellfire,Barns Courtney,00RI7b6oZDjx6IQC2eH6bh,93.977
Savior,Rise Against,3asFGFY3uLjMDmML1p0tYm,112.548
This Is War,Thirty Seconds To Mars,2D52zjCyqEIQa221lhw6uk,160.047
Midnight In Montgomery,Alan Jackson,1Bucr8Wk891tg8mP6wtdSW,139.965
Paint Me A Birmingham,Tracy Lawrence,7cxOL3nvmqd6w811wOlWT1,131.784
Tennessee Whiskey,Chris Stapleton,3fqwjXwUGN6vbzIwvyFMhx,48.718
Watermelon Sugar,Harry Styles,6UelLqGlWMcVH1E5c4H7lY,95.39
Selene,NIKI,0h11wE1hTwKMxYd1NACgNb,110.022
Finally // beautiful stranger,Halsey,42SOtYBdnfj9zEdZSlAq5k,133.976
A Nightmare On My Street,DJ Jazzy Jeff & The Fresh Prince,5EuQzakrNyaOLsVS4pi1Az,170.396
Monster,dodie,2MKIadkPrRqaivpyn6cnI0,100.013
Black Magic,Little Mix,5y6pj7OeBFF0CVgZKhRbOG,111.987
Tonight Tonight,Hot Chelle Rae,2i0AUcEnsDm3dsqLrFWUCq,99.978
Teenage Dream,Katy Perry,5jzKL4BDMClWqRguW5qZvh,120.011
I Like It Like That (feat. New Boyz),Hot Chelle Rae,6eFahAdQgABBj1XOM99cBG,101.002
Call You Mine,The Chainsmokers,2oejEp50ZzPuQTQ6v54Evp,104.01
Better Class of Losers,Randy Travis,3EiXWMUIE0bNNo36suPrRQ,179.387
hole in the bottle - ballerini album version,Kelsea Ballerini,1f6BZccfonUYohfGJIeBR1,105.02
Miss Me More,Kelsea Ballerini,5NfJGBAL9mgFPRQxKJmiX2,96.028
This Feeling,The Chainsmokers,4NBTZtAt1F13VvlSKe6KTl,105.049
Mood (feat. iann dior),24kGoldn,3tjFYV6RSFtuktYl3ZtYcq,90.989
positions,Ariana Grande,7igeByaBM0MgGsgXtNxDJ7,144.005
Shooting Stars,Bag Raiders,0UeYCHOETPfai02uskjJ3x,124.944
Fallin’ (Adrenaline),Why Don't We,5GhJIMWAw0uMLgkdbt6uMz,133.963
Wonder,Shawn Mendes,5KCbr5ndeby4y4ggthdiAb,139.898
Treacherous,Taylor Swift,0XfOV7qY3834QpFVwOb6CC,109.993
The Lucky One,Taylor Swift,2wtHlpYSgC7xEdD3DrSHNL,117.937
Starlight,Taylor Swift,0vqI4ZIMuifeKeItGiWbPj,126.018
Redneck Yacht Club,Craig Morgan,4etE2X6t7GmyiuYLIdI8H5,168.115
Somethin' 'Bout A Truck,Kip Moore,6Ymvlzom4TQeoKqAWsZRD8,176.01
Drunk On A Plane,Dierks Bentley,2a3KlwRjbAFPYMV2sdzsFM,205.932
Rain Is A Good Thing,Luke Bryan,1YhFtqwcN138S6ng3MT1nN,108.051
Man! I Feel Like A Woman!,Shania Twain,0IF0vGwaJQ8ZCh0QxhW6OV,124.944
Cleaning This Gun (Come On In Boy),Rodney Atkins,292hQrFkBjVmbHRqGVqBta,145.995
It Just Comes Natural,George Strait,2DmBuFsXx1Pd5FHrMF8PD8,200.389
Here For A Good Time,George Strait,11OFYsUK9EVJsQ6nutH32M,127.93
All My Friends Say,Luke Bryan,539dFCMA8lfEElDPgGpcIB,117.036
Smile,Uncle Kracker,4ZC8hXXqu2hPcDLw9QTdtQ,141.056
Victorious,Panic! At The Disco,6od5hFv9IT5JHc7NEF9HRv,110.01
Sour Candy,Carly Rae Jepsen,3kZUXRHM7uuC3zKVcgRxqt,159.931
We Didn't Start the Fire,Billy Joel,3Cx4yrFaX8CeHwBMReOWXI,145.024
High School Never Ends - Main Version - Explicit,Bowling For Soup,1bhjMY5O0ZjB41OHcdRH0a,160.03
Basket Case,Green Day,6L89mwZXSOwYl76YXfX13s,85.064
"Rocket Man (I Think It's Going To Be A Long, Long Time)",Elton John,3gdewACMIVMEWVbyb8O9sY,136.571
I Like U,NIKI,6f7BE3VcZScJx6n3wsf5Z3,199.662
Teardrops,Bring Me The Horizon,3aniWcwiiYKHpm3F5TdeKD,96.051
I Stand On That,E-40,3yQQgABgbIcyhy7pJjHfWF,76.474
Beautiful Crazy,Luke Combs,2rxQMGVafnNaRaXlRMWPde,103.313
Hurricane,Luke Combs,6xHI9KjUjYT0FPtGO8Mxa1,75.977
Beer Never Broke My Heart,Luke Combs,7aEtlGHoiPAfRB084NiDmx,77.001
One Way Ticket (Because I Can),LeAnn Rimes,0meAc2H0tC5tOTd6MDe0cI,119.93
Long Hot Summer,Keith Urban,3PY88239tYBnAv5LQoU2oY,127.987
But For The Grace Of God,Keith Urban,5jDnI5jmAqpvKwmpXP7VSj,104.021
The Real World,Owl City,3W09f57XX44PL8wcVWUVXK,160.032
Strawberry Avalanche,Owl City,3gtIr6niwg9pY2PopaobLG,117.003
Sunburn,Owl City,5Q0drnO7ebpIei81pX61wo,80.008
I Think He Knows,Taylor Swift,2YWtcWi3a83pdEg3Gif4Pd,100.003
London Boy,Taylor Swift,1LLXZFeAHK9R4xUramtUKw,157.925
You Need To Calm Down,Taylor Swift,6RRNNciQGZEXnqk8SQ9yv5,85.026
Paper Rings,Taylor Swift,4y5bvROuBDPr5fuwXbIBZR,103.979
betty,Taylor Swift,5kI4eCXXzyuIUXjQra0Cxi,95.939
Fiji Water,Owl City,07azZjYghoJ3W9FHcWmKTT,122.998
Should've Said No,Taylor Swift,16MVSD0mGI4RMQT83Qzm69,167.964
Invisible,Taylor Swift,5OOd01o2YS1QFwdpVLds3r,96.001
Grow As We Go,Ben Platt,6hYvw3LLTViP2mT4MpDNmT,80.824
Boys Like You,dodie,73yR3kAdE531RRYUdFLWad,127.086
Not What I Meant (feat. Lewis Watson),dodie,47IAJLkYhZag79yvXmT6Lt,118.952
Guiltless,dodie,1UBe9K7MECJJOYd20nwhpl,144.987
Tokyo,Owl City,4EkTXtEgKnWbOi02vvTfOU,127.913
Elephant,cupcakKe,2s1eBtPKbg1B0nYbcwEucx,74.98
Edge of Midnight (Midnight Sky Remix) (feat. Stevie Nicks),Miley Cyrus,5l0nX3AhmmF717aKSs8qSH,109.95
Who Wants What,Russ,2z3woIGj8hClFZVq0Hvcwr,85.093
Mystery Lady (feat. Don Toliver),Masego,2Ee9amLUslOwgoJWZEpSSD,76.006
Yesterday,Loyle Carner,0pRyOQjr12h9RBEFmhbTQc,92.035
FOOL'S GOLD,Aries,1ryUAnJ3gPNtw85hwiVA7Z,133.937
September,"Earth, Wind & Fire",2grjqo0Frpf2okIBiifQKs,125.926
Blame It on the Boogie,The Jacksons,3qI94hINNNeb4S7xQi18lS,113.256
I Got A Feelin',Billy Currington,5caW5J7nrK4Mtu6cZiBxUk,112.078
Walk A Little Straighter,Billy Currington,2LUYGE3JUk4LIIobqI0jpr,131.836
Your Turn to Roll (Critical Role Theme),Ashley Johnson,40N0Mpxe9gPmyxVQ5Zt0Mu,114.03
Happy Does,Kenny Chesney,2v08cjj3Th8RpfJgluECcj,109.018
Levitating (feat. DaBaby),Dua Lipa,463CkQjx2Zk1yXoBuierM9,102.977
Stick to the Status Quo,High School Musical Cast,5g4PnVWVKKAVVOjuXE5uYW,159.997
Breaking Free,Troy,7gF9RfiO8nBhFhBkLuiUrb,107.934
Work This Out,High School Musical Cast,5NWvMVbCMyrbnnGy3pTYUB,121.984
Gotta Go My Own Way,Zac Efron,0moS6k1E4YNbkG4Dxet8ZH,88.797
Everyday,Troy,4YMOFZFfDxiCd9p1q8RF0v,115.025
I Want It All,High School Musical Cast,5u6EdPgh4FlTk3AJ1RJM4p,142.952
Can I Have This Dance,High School Musical Cast,3fsNdB38OIYyZaeSeIXSqL,136.128
No Regrets (feat. Don Toliver),Eminem,1lO9CZo6eDrOy0S7khgryG,134.935
A Real Life,Greek Fire,4mdjTz7RhMC1MPPVu8jNYR,134.976
Bitter,FLETCHER,5Z0AM9HW78XIyZqF2BPasr,136.002
I Don't Know Why,NOTD,0ZXdzaT1k688dkpNeEgQiV,120.04
Good Girls (Don’t Get Used),Beach Bunny,2yKNCN7jsi5XtwJL5jBG1z,150.015
Black Smoke Rising,Greta Van Fleet,32BEasyNQgqXQJKoVa0fUw,100.027
sympathy 4 the grinch,100 gecs,0jmJyRvB77PRLX8pfNQbBB,176.021
Dicked Down in Dallas,Trey Lewis,1yhft6ZqYadd4GOrKrmK3a,122.036
Those Kinda Nights (feat. Ed Sheeran),Eminem,0VSzREd1OjEWJ9tXoFHRQH,103.868
willow,Taylor Swift,0lx2cLdOt3piJbcaXIV74f,81.112
ivy,Taylor Swift,19CSr8rwW05VJL2F91KFNK,88.856
"no body, no crime (feat. HAIM)",Taylor Swift,3RaT22zZsxVYxxKR7TAaYF,79.015
Monsters (feat. blackbear),All Time Low,0tyR7Bu9P086aWBFZ4QJoo,78.532
We Belong,Dove Cameron,6Z0sHILAQuUsmZQ7pMe90N,168.108
Love Me Less (feat. Quinn XCII),MAX,2tOOcDDYkh0PSjr6GwPEAJ,145.034
Tea,Noah Davis,24RQ6qDJAQ1sa94p1qfdYh,88.029
South of the Border (feat. Camila Cabello & Cardi B) - Cheat Codes Remix,Ed Sheeran,19TOAlTFq0NDHvUPQR0tkr,114.054
I Love Rock 'N Roll,Joan Jett & The Blackhearts,2Cdvbe2G4hZsnhNMKyGrie,94.379
Youth Gone Wild,Skid Row,1jF5Id0OPFU1Mae8BEUF5u,117.367
China Grove,The Doobie Brothers,7cy1bEJV6FCtDaYpsk8aG6,145.624
Heaven,Los Lonely Boys,1XcUn5PE9d42zWamWgRG2x,91.894
Bang!,AJR,4Bn3YE0E06WnPLT1VHYPb8,139.917
Alien,Sabrina Carpenter,0RUTnY2B3s05fZuCHsNaUP,105.955
I Do,Astrid S,6Qp1DSekiuxHbFoSsg9JIk,110.019
Fallin' For You,Colbie Caillat,1le5KVGTF1xWf2aUj7ruLy,117.043
So Will I,Ben Platt,35hWvR2SVsWwzScQ4UEMED,84.438
Hate Myself,dodie,015ROS1oTBabLaOLMzDF47,103.985
Stop,Grey Henson,3IpOgKkvF7z0SZ9TaPovTy,169.719
There! Right There!,Amber Efe,41WDvgF7RgCXfLN9iKWVhp,127.869
Carrying The Banner,Jeremy Jordan,1PK3BtcF1Dvfd8a24Xejaj,149.494
Way Down Hadestown,Hadestown Original Broadway Company,5fnl0Tyeh4r5gPANdaVu61,93.088
45,Bleachers,1gbgwb8AwRo9i42YaqWnj2,78.83
"Caroline, Please Kill Me",Coma Cinema,6CSP4f1yEJnGdibOHnwV4X,106.902
Livin' in the Woods in a Tree,Blaze Foley,0iBjORPaLHiUS8VaAGDaoO,169.8
Kyoto,Phoebe Bridgers,49UDOG8DoBajXTJSTqfRMg,131.014
Long Division,Drab Majesty,3Nr4KSkl8bS1Y1f7P8qDlI,95.985
Strawberry Blond,Mitski,3eGsNpXzcb1BDkfSJI54NY,77.332
Presumably Dead Arm (617 Sessions),Sidney Gish,7iFmqWr2KDvNJt9ZCm7V21,114.478
I Will Always Love You,Dolly Parton,6nRvgo4ySezQKD1D7NIqAu,135.724
Anyone Else But You,The Moldy Peaches,6HwcmbTWaMfckdW1zl4nf5,73.115
I'm with You,Vance Joy,6Qwuw0eOeszVlewLpu24gR,110.003
TOOTIMETOOTIMETOOTIME,The 1975,33DzKnwuBE6lfOiADwzd5E,114.998
Hot Venom,Miniature Tigers,0axyG24RIzshhgyWQHnK7j,85.004
The Wolf,Miniature Tigers,6lOKfGazwl73Guq99zX5aU,169.645
Portugal,WALK THE MOON,3MYWKl8ScgDu3sAvyneMCG,169.889
The Gambler,fun.,1Y5wYXgX9dHwSKZdQNHEhV,99.937
Nikes,Frank Ocean,19YKaevk2bce4odJkP5L22,137.811
ILYSB,LANY,2btKtacOXuMtC9WjcNRvAA,100.026
Sunshine Type,Turnover,5xpMPMZUji8nisUp0vTdOz,110.912
Katie Queen Of Tennessee,The Apache Relay,5iXuX70Sxp6sKdumBcQQW7,127.022
Rifles of the IRA,The Wolfe Tones,5rhu963C1jC5vR0aZvOn8i,122.698
Banks of Marble,Pete Seeger,6Nc2Z0QvjZLf9vk5SAMAcZ,104.492
Which Side are You On?,Pete Seeger,0TZsy6XheL9cSxuX7yYqCO,171.946
To the Sky,Owl City,67Zrgf1AUktvq39nMq0k5M,175.007
Cruel to Be Kind,Nick Lowe,7D5ycpIrqwGNTQFKmzhDIg,131.679
I Wanna Be Sedated,Ramones,5NoQvINZLBV1wMYPdNmReL,162.825
Blitzkrieg Bop - 2016 Remaster,Ramones,4KcH1ZRV2W1q7Flq0QqC76,176.701
I'm Me,Us The Duo,5DWuE2zvXnbCBiBo3ohilB,138.124
Legacy,Lost Stars,5QlOIcPMMw5Mlj8BqAvlzG,121.997
Uncontainable,Set It Off,0B4YuevrDNhh71edZrFiOs,178.293
Jericho,Normandie,3EX6ERPaJ6okwsG7Y4RqHV,140.018
7PM,Alec King,42nMZOvTbseCgjFfGwFTbZ,154.036
Lemonade - Remix,Internet Money,57FNYz14MjKVoRTbxtv4A1,140.045
Ballin' (with Roddy Ricch),Mustard,3QzAOrNlsabgbMwlZt7TAY,97.008
Me And My Broken Heart,Rixton,1oew3nFNY3vMacJAsvry0S,174.084
Broken Heart,Escape the Fate,5LV0oQV98daZAUoWnQEW6N,95.02
I Will Make It Up To You,Escape the Fate,2IRU5hfgx62SXFCM3tNarH,102.522
Still Alive,Aperture Science Psychoacoustic Laboratories,0Nrw0vKim2z4dph1jsxvye,120.039
If I Die Young,The Band Perry,4u26EevCNXMhlvE1xFBJwX,130.739
Glad You Came,The Wanted,3AGOgQzp0YcPH41u9p7dOp,126.889
What Makes You Beautiful,One Direction,4cluDES4hQEUhmXj6TXkSo,124.99
Best Song Ever,One Direction,5T7ZFtCcOgkpjxcuaeZbw0,118.491
Drag Me Down,One Direction,2K87XMYnUMqLcX3zvtAF4G,138.113
Night Changes,One Direction,5O2P9iiztwhomNh8xkR9lJ,120.001
How Can You Swallow So Much Sleep,Bombay Bicycle Club,214Cj6UAEJvq9rocjbXqK1,120.03
Something Just Like This,The Chainsmokers,1dNIEtp7AY3oDAKCGg2XkH,102.996
Get Lucky (feat. Pharrell Williams & Nile Rodgers),Daft Punk,69kOkLUCkxIZYexIgSG8rq,116.05
February Air,Lights,0f078RvMpUHUcwZ5crseXk,120.031
Brick By Brick,American Authors,48yO0iP6YWtMCLcShwzkwz,81.966
Way It Goes,Hippo Campus,6CES1554HcWMIVroJfmmBm,120.014
Ordinaryish People,AJR,2HYCCnLTeZUsAKv7l6fFmZ,179.819
Pokemon Theme,Pokémon,5BpybwPyfABA8wFQpFYrvO,144.979
Tiny Dancer,Elton John,2TVxnKdb3tqe1nhQWwwZCO,145.075
Michelle Pfeiffer (feat. lil aaron),Ethel Cain,1V9Ec4r17OXAIMcie6djLU,100.06
Running on Empty,Jackson Browne,6aqm56xP40foYBBtAWWrnY,136.58
Lady May,Tyler Childers,3t5OV1asJHmOlf23T08CLv,81.446
Adventure Is Out There,AJR,2IvJy8hiytZwB8cUl1Itmi,161.872
All Out of Love,Air Supply,7dQC53NiYOY9gKg3Qsu2Bs,108.383
Uptown Girl,Billy Joel,5zA8vzDGqPl2AzZkEYQGKh,128.993
You're the Inspiration - 2006 Remaster,Chicago,36lkJSDyMEZoWTqtRj8Q8q,74.008
Making Love Out of Nothing at All,Air Supply,01MXkFA8sL7at6txavDErt,141.283
On This Day,David Pomeranz,56A0zbb8pv9Q2igFRPrKwe,64.252
"Believe It or Not (Theme from ""Greatest American Hero"")",Joey Scarbury,375ntCG12wzCyfzclwYFwG,117.129
Alone,Heart,54b8qPFqYqIndfdxiLApea,175.088
St Elmo's Fire (Anniversary Edition),John Parr,1lZeAoeRbCSKRyqx1PBvT6,111.038
Hard to Say I'm Sorry / Get Away - 2009 Remaster,Chicago,5zpYTfWIuNXCFblRIescG1,144.678
Take It On the Run,REO Speedwagon,5gys5nzVQIYhgHIfiOJYva,77.81
Stardew Valley Overture,ConcernedApe,2q2Z2A0Mt8AsWyQEdB6wuu,181.945
Cloud Country,ConcernedApe,0Mmtro18AX4ONE1I3mgNEh,95.979
3 O'Clock Things,AJR,5nxyRadduURF13Aw45atxb,94.026
Hand Of God - Outro,Jon Bellion,6JGCC9qfdZbCSPhOI29ypv,153.958
Morning In America,Jon Bellion,3NRzGK0pFfhUgU6i3Kg9m3,102.018
Keep Yourself Alive - 2011 Mix,Queen,1m7WXN6V99NabqaKvPzSXV,134.204
Doing Alright - Remastered 2011,Queen,2V0yBHMWB8GoMm80AXH4ot,93.294
Seven Seas Of Rhye - Remastered 2011,Queen,1e9Tt3nKBwRbuaU79kN3dn,126.343
Killer Queen - Remastered 2011,Queen,7GqWnsKhMtEW0nzki5o0d8,117.188
Now I'm Here - Remastered 2011,Queen,0P7YJ9fxIOM0Rq4pZ2qU42,132.543
I'm In Love With My Car - Remastered 2011,Queen,1EID0aupOLdv4ZDQu2Jbrz,143.583
You're My Best Friend - Remastered 2011,Queen,4OKf7CcYuw5H2HptkcKxcP,118.738
Good Old Fashioned Lover Boy,Queen,3e9w80AUq0mT9Nrq471kLx,96.302
Somebody To Love,Queen,79M91zIoaIrm073sACpOtr,110.193
We Will Rock You,Queen,0a9sd6MEXZXIPHk0fAxpZ4,81.412
We Are The Champions,Queen,4kzvAGJirpZ9ethvKZdJtg,94.504
Fat Bottomed Girls - Remastered 2011,Queen,4igIYHF3B5VBxEafHauVo3,88.772
Bicycle Race - Remastered 2011,Queen,3lUx27TOwV2nAiKwnYYXxe,82.725
Another One Bites The Dust,Queen,291RmMazWAmDitFuD6NJCv,109.884
Save Me,Queen,5xDFYRukUOamdjnFoM3RoW,81.572
Body Language,Queen,6V9qc0ImzKvmC0b9D7V7C0,132.502
Under Pressure,Queen,1mSClObliRtgPVT399COQH,113.458
Who Wants To Live Forever - Remastered 2011,Queen,6UnGBNWVuwYfdDo9NfKkpP,140.366
A Kind Of Magic - Remastered 2011,Queen,1LFK84nUerBbYfFd1LmnTm,130.121
I Want To Break Free - Remastered 2011,Queen,6NAEpcvbmNdT0cWP3LFDcY,109.084
Hammer To Fall - Remastered 2011,Queen,6sPlk81hO00OVZB3Ujponl,128.541
I Want It All - Remastered 2011,Queen,4DtB1PJsbl4KAb2rZVNCUL,92.09
Innuendo - Remastered 2011,Queen,4bmak6Hd7NPwVrY26TjKNT,73.419
These Are The Days Of Our Lives - 2011 Remaster,Queen,2HpkD9J7t7xBaduVflpmqn,112.654
The Show Must Go On - Remastered 2011,Queen,3hU637WcAGM5ubSqeaTme5,83.402
I Guess That's Why They Call It The Blues,Elton John,23l1kVpqMVREiwU1YAlcr4,120.634
Your Song,Elton John,38zsOOcu31XbbYj9BIPUF1,128.157
Crocodile Rock,Elton John,6WCeFNVAXUtNczb7lqLiZU,149.91
Saturday Night’s Alright (For Fighting) - Remastered 2014,Elton John,12yHvSYFXI7PGzNecUvIDu,152.875
Bennie And The Jets - Remastered 2014,Elton John,5Wj1rJnCLpMHdLaxsFtJLs,132.642
Pinball Wizard,Elton John,6CJCCb9ookMMDQNz1Rrtii,130.58
I'm Still Standing,Elton John,1jDJFeK9x3OZboIAHsY9k2,176.808
More Than a Feeling,Boston,1QEEqeFIZktqIpPI4jSVSF,108.789
House Of The Rising Sun,The Animals,7BY005dacJkbO6EPiOh2wb,117.2
La Grange - 2005 Remaster,ZZ Top,70YvYr2hGlS01bKRIho1HM,80.544
Rock And Roll All Nite,KISS,6KTv0Z8BmVqM7DPxbGzpVC,144.774
All Along the Watchtower,Jimi Hendrix,2aoo2jlRnM3A0NyLQqMN2f,113.253
Tom Sawyer,Rush,3QZ7uX97s82HFYSmQUAN1D,87.559
Stranglehold,Ted Nugent,2f0P7iELCvAlV8j6Z3rGDE,148.189
"Lovin', Touchin', Squeezin'",Journey,0VQ0n5gMgJLNixG8BfWBT5,211.27
Barracuda,Heart,4KfSdst7rW39C0sfhArdrz,137.145
Livin' On A Prayer,Bon Jovi,37ZJ0p5Jm13JPevGcx4SkF,122.511
You Give Love A Bad Name,Bon Jovi,0rmGAIH9LNJewFw7nKzZnc,122.803
It's My Life,Bon Jovi,0v1XpBHnsbkCn7iJ9Ucr1l,119.992
Wanted Dead Or Alive,Bon Jovi,0oerlffJSzhRVvtDfLcp3N,150.056
Hold the Line,TOTO,4aVuWgvD0X63hcOCnZtNFA,96.556
Back In the Saddle,Aerosmith,0ZGLuduCPjgWY1n85ykgMe,122.201
You Shook Me All Night Long,AC/DC,2SiXAy7TuUkycRVbbWDEpo,127.361
Jessie's Girl,Rick Springfield,5RsUlxLto4NZbhJpqJbHfN,131.7
Heartbreaker,Pat Benatar,22ML0MuFKfw16WejbxsLOy,156.131
Magic Man,Heart,4sUlsy0tPv9n5nqrqeA0lE,103.818
American Pie,Don McLean,1fDsrQ23eTAVFElUMaf38X,138.45
Piano Man,Billy Joel,70C4NyhjD5OZUMzvWZ3njJ,177.734
25 or 6 to 4 - 2002 Remaster,Chicago,7GqIDx2QVGOpd4r1fZaUUW,147.448
Sharp Dressed Man - 2008 Remaster,ZZ Top,1UBQ5GK8JaQjm5VbkBZY66,125.145
Crazy Train,Ozzy Osbourne,2b9lp5A6CqSzwOrBfAFhof,137.571
Cum on Feel the Noize,Quiet Riot,3vV3cr2TpPqFk07zxYUbla,145.085
Black Magic Woman / Gypsy Queen,Santana,7cDxjUnMitNKQC5c8RQUko,124.033
Dream Weaver,Gary Wright,74DrA5fFoGSy4xgkZarZtP,140.243
Hard to Say I'm Sorry / Get Away - 2006 Remaster,Chicago,07TnWCHrFkvF61GzJuLVt0,140.974
Saturday in the Park - 2002 Remaster,Chicago,4OJFkrRQqol4FsPesF8eu4,114.378
Does Anybody Really Know What Time It Is?,Chicago,6Q6YqGj1Ku1CUGHWSFwSHY,117.792
Piano Man,Billy Joel,3FCto7hnn1shUyZL42YgfO,179.167
Teacher,Jethro Tull,1e75rLMvgoIGX5wnwUA7q0,122.485
Can't Fight This Feeling,REO Speedwagon,5WwqdeavrQrbeAMDxGawse,156.344
Danger Zone,Kenny Loggins,6I7AiEb703MV7PYtHdQGTN,157.35
The Hamilton Polka,"""Weird Al"" Yankovic",1nXCcO9Fp1mE0rzw39qOPY,151.192
Deliver Us - The Prince Of Egypt/Soundtrack Version,Ofra Haza,2q3X0uc2XpGruqitKOm3xa,137.681
All I Ever Wanted (with Queen's Reprise) - The Prince Of Egypt/Soundtrack Version,Amick Byram,5lbZL5xmyJHtrrioldEyXX,79.703
Through Heaven's Eyes - The Prince Of Egypt/Soundtrack Version,Brian Stokes Mitchell,2HeLqRgQRttQE16abLHfR5,119.985
Playing With The Big Boys - The Prince Of Egypt/Soundtrack Version,Steve Martin,4f80LjiI9fgwCahAhEOuYk,122.477
The Plagues - The Prince Of Egypt/Soundtrack Version,Ralph Fiennes,3buDoGEwFbwS8ozgA5o3lA,115.444
Remember Me (Ernesto de la Cruz),Benjamin Bratt,4ljlAxfaEjO4Q4g9FMtVj4,128.908
Everyone Knows Juanita,Gael Garcia Bernal,5smmrZ4U2qSFIzeC5aRT4N,84.852
Un Poco Loco,Anthony Gonzalez,0OFknyqxmSQ42SoKxWVTok,126.032
La Llorona,Alanna Ubach,5fBcRH4CnYTaFMQtM0JtSl,67.697
Proud Corazón,Anthony Gonzalez,4J7SCXbz18duODAQYjtzI2,148.876
A Million Dreams (Reprise),Austyn Johnson,66y7x28jXOPrcmu3D5Zjh6,74.369
Never Enough,Loren Allred,0Gl5s8IhMmQE5YQwM8Qx1J,86.777
Never Enough (Reprise),Loren Allred,6f8b6mxNNDJdE5tC4MCTxt,82.486
For Forever,Ben Platt,0ZWW07BD8W85lUbgx2sn7E,96.269
Disappear,Mike Faist,4VM6WUdnRnBv6cHAjyzxcK,136.643
You Will Be Found,Ben Platt,1H7Zqkq54andtaSSnLRrfp,87.335
Finale,Ben Platt,7vU9VpbmB4ZoztAigpXLlJ,112.831
Good Morning Baltimore,Nikki Blonsky,0XoVXIggK81o9urLqFc161,133.037
The Nicest Kids In Town,James Marsden,0GikgKKBEhOBSU0dK5kv3B,169.963
It Takes Two,Zac Efron,2sjauqCeoeFJzi27Pgrogb,206.511
(The Legend Of) Miss Baltimore Crabs,Michelle Pfeiffer,2q9aC39U5yGWK5bZ2WyfBP,133.675
I Can Hear The Bells,Nikki Blonsky,3jdbqyM826PXNm7onNtgMj,111.927
Ladies' Choice,Zac Efron,1Mkqj7lzLMBMBw9HWbZ7xy,116.945
I Know Where I've Been,Queen Latifah,4g9p5kWDHAR3Vg2YRQwQDv,173.556
Without Love,Elijah Kelley,6REVaI9b1L8YATSTsGusgR,98.04
(It's) Hairspray,James Marsden,2wshBg4rRtMnZpjDu26TfN,134.865
You Can't Stop The Beat,Elijah Kelley,7goE6wDBvkZoeWrFm0EdCg,170.484
Science Fiction / Double Feature,Richard O'Brien,0vDvGxRSHgesW90tRcpME8,89.443
Dammit Janet,Barry Bostwick,3w2dfLvgPepCVHKtJClc9w,160.363
Over at the Frankenstein Place,Susan Sarandon,3HOvPHVMnlOdRQRtu3t2kP,165.311
The Time Warp,Richard O'Brien,5Y8sslyf4YIBYxYUYmY52K,175.7
Sweet Transvestite,Tim Curry,4q0GUbAx9x5I396q8AamnG,107.153
Hot Patootie / Bless My Soul,Meat Loaf,2CQMYFoU8BV6mrLjfTOYRE,162.539
Rose Tint My World,Nell Campbell,0D5yJ1ZRiNX2fPsXa0wENi,113.771
Fanfare / Don't Dream It,Tim Curry,6CFBpX5BmFwzWuhDqkW18L,131.077
Wild and Untamed Thing,Tim Curry,5OM6mdp08tdQTBK5ylgMlE,99.695
I'm Going Home,Tim Curry,5Ngd2nDz9HHwPPg0DmD7eC,126.795
"No One Mourns The Wicked - From ""Wicked"" Original Broadway Cast Recording/2003",Kristin Chenoweth,0UzApqRTAi3d2iZexmuP3s,78.072
"The Wizard And I - From ""Wicked"" Original Broadway Cast Recording/2003",Carole Shelley,7279cZz7RhBAmRHAPraTeV,140.844
"What Is This Feeling? - From ""Wicked"" Original Broadway Cast Recording/2003",Kristin Chenoweth,2lNRPajwEfma5EEmsgAe1w,152.311
"I'm Not That Girl - From ""Wicked"" Original Broadway Cast Recording/2003",Idina Menzel,5HZCMnScUwekum55mcRdjK,90.265
"One Short Day - From ""Wicked"" Original Broadway Cast Recording/2003",Kristin Chenoweth,0FD6tpo88qkJmdaAyvR1yU,119.828
"Defying Gravity - From ""Wicked"" Original Broadway Cast Recording/2003",Kristin Chenoweth,184HGdGIscUiPbDuqbvHuN,85.268
"Thank Goodness - From ""Wicked"" Original Broadway Cast Recording/2003",Kristin Chenoweth,0mpNY35D9VE4oa0NLm7Cjw,148.391
"Wonderful - From ""Wicked"" Original Broadway Cast Recording/2003",Joel Grey,1D6pLmob6pai0cjB3ulMdz,176.629
"I'm Not That Girl (Reprise) - From ""Wicked"" Original Broadway Cast Recording/2003",Kristin Chenoweth,1tlfh7RSe2T39byWWM8J2L,149.238
"As Long As You're Mine - From ""Wicked"" Original Broadway Cast Recording/2003",Idina Menzel,3IvflXoxqRVwNvpKhjIOv6,117.997
"No Good Deed - From ""Wicked"" Original Broadway Cast Recording/2003",Idina Menzel,55dcu9Iz7r58VEmTqk4LP4,114.814
"For Good - From ""Wicked"" Original Broadway Cast Recording/2003",Kristin Chenoweth,3WkgLAd7jGX3sZikfkF0lU,85.063
Seasons of Love,Rosario Dawson,5gw8HNcrqliEw0X6pPrPvG,178.151
Rent,Anthony Rapp,26RykSLUNpC2BymCxJgvTn,182.142
La Vie Boheme B,Rosario Dawson,5WhrEpQFiuWDC5bwzTf6gP,146.948
Seasons of Love B,Cast Of The Motion Picture Rent,2VC56eybNyq2O2ahMgS6JT,88.996
Take Me or Leave Me,Idina Menzel,0E1NL6gkv5aQKGNjJfBE3A,175.043
I'll Cover You - Reprise,Jesse L. Martin,3ECCCziRCrTy4Sv3kOiS94,79.902
What Do You Do with a B.A. in English / It Sucks to Be Me,John Tartaglia,1Ns3qh9eOmLZZ8mNbfSPT9,104.46
Everyone's a Little Bit Racist,John Tartaglia,0xY4mvrWtUjePft8O28Tce,180.103
The Internet Is for Porn,Stephanie D'Abruzzo,4YidEz8xGN9NZeUXFc94yw,94.259
There Is Life Outside Your Apartment,Jordan Gelber,5kS5gY4S8msO6mXqfarbrz,142.023
Schadenfreude,Natalie Venetia Belcon,0fajMX89sy4Z2fGq2GxxHq,149.165
Tulou Tagaloa,Olivia Foa'i,6FHUBs8P5qcjpj7C2QHdEq,109.041
An Innocent Warrior,Vai Mahina,3ZJnc1eGicPxRitBoC7eWZ,84.656
Where You Are,Christopher Jackson,2bwSCIuNtVrQPVddCi8sOW,118.037
How Far I'll Go,Auli'i Cravalho,6mb6lVLNrcUgLnEN8QnDJd,83.72
How Far I'll Go - Reprise,Auli'i Cravalho,32pqqCrnIC5O5iE9c218PJ,83.197
Logo Te Pate,Olivia Foa'i,29GNq0bPjVrqpISQGwj8Yx,137.899
I Am Moana (Song of the Ancestors),Rachel House,6uk7QQiWRDjPHSiSMZlez8,148.985
Know Who You Are,Auli'i Cravalho,2wCRJwiL1WSrW0Dwfco7Nj,173.443
We Know The Way - Finale,Lin-Manuel Miranda,3HAh7a08YVxEyb8BM645bU,101.08
Look Down,Hugh Jackman,3bRHPkiV43QCgzAJ5IuV65,76.019
"I Dreamed A Dream - From ""Les Misérables""",Anne Hathaway,7CNVenAoty0IomwFPaMaaH,87.502
"Who Am I? - From ""Les Miserables''",Hugh Jackman,0BeS5hJXm3yzubCswEC8TQ,86.288
Master Of The House,Sacha Baron Cohen,3WoatVXvmr0qK7xVcVIyPi,166.951
ABC Café / Red & Black,Eddie Redmayne,0RmH0VjGdppj6vccWhs3x4,84.972
In My Life,Amanda Seyfried,36vPj8etuV0nTqjpvpp2CA,75.556
On My Own,Samantha Barks,3Mr6ofzF6ZuYiqHh8qNud3,71.842
One Day More,Les Misérables Cast,6ophEFs89SOktBpFnRM8BK,86.193
Do You Hear The People Sing?,Aaron Tveit,0g8H61FNXHHhMVHB0jwdzH,76.744
Building The Barricade,Aaron Tveit,2srOyvH3BOa4KpjxugXJCy,55.95
Epilogue,Les Misérables Cast,5Yg4B6O0OGS5DFr327RV4i,144.874
The Worst Pies in London,Helena Bonham Carter,1Qg27064zgcyaB78AgwZ4i,94.101
My Friends,Johnny Depp,3bh9jyKSTLGto75BPXmJNd,117.701
Pirelli's Miracle Elixir,Edwards Sanders,2XNxfjWBLqChCppnQPzldT,134.174
Pretty Women,Johnny Depp,4X4ZHPOgp5DLh3tYZD5YYU,81.268
Epiphany,Johnny Depp,7vORhZg2DUYSJnQezoEZ3K,102.124
A Little Priest,Johnny Depp,7FmI3ygVG04KIhikMHKOKB,105.925
Good Omens Opening Title,David Arnold,2EmFSHKssFfFiNGpfg5S0Z,168.008
You've Got Time,Regina Spektor,1vDMGBzqLJWZC5UzePDURw,167.467
Pokerap,Pokémon,5K30tTeHUnU2MHf2o0Dnbo,116.963
Pokemon World,Pokémon,1ktdvlCKXJZx3tjHzO8bIU,105.079
2ba Master,Pokémon,4NLZrk0BRjZ8QiJNQ1vw9s,106.008
Pomemon Johto,Pokémon,5peRAbZqBi2JheWsCQLt8Q,115.966
Overture / Hannibal,Andrew Lloyd Webber,0Q0werpvp4p1N8fv5Zv8yO,120.836
The Phantom Of The Opera,Andrew Lloyd Webber,3IzHfzxOoXMmdT4OptBOli,119.907
The Music Of The Night,Andrew Lloyd Webber,5wvL72McArrWfppbczQqgh,71.301
All I Ask Of You - Reprise,Andrew Lloyd Webber,77IBDwZDA8BdAQ4Nb24rwl,86.578
Masquerade / Why So Silent?,Andrew Lloyd Webber,6fLwN7C80kqpwy4wcxxm41,86.343
Don Juan,Andrew Lloyd Webber,0DEdotwMuVmPQDVoWspmbU,76.959
The Point Of No Return / Chandelier Crash,Andrew Lloyd Webber,0rNDGYQwGYCXzQpZdcTbSO,102.699
Down Once More / Track Down This Murderer,Andrew Lloyd Webber,5bP4JDOgls9KTipQRrYqb8,89.277
The Greatest Show,Panic! At The Disco,55PZSFcKQxXH5BOOcDA6yI,77.009
A Million Dreams,P!nk,4djczKSE0Kmrpsw8T9QuvC,148.173
Never Enough,Kelly Clarkson,2jgntPbvIMbV6kuzeTOEms,133.659
This Is Me,Kesha,7ACwi8jq7LFX6ctC1R6fn1,95.895
Skyfall,Adele,6VObnIkLVruX4UVyxWhlqm,75.881
MONTERO (Call Me By Your Name),Lil Nas X,3BZEcbdtXQSo7OrvKRJ6mb,178.818
RAPSTAR,Polo G,43PGPuHIlVOc04jrZVh9L6,81.039
Peaches (feat. Daniel Caesar & Giveon),Justin Bieber,4iJyoBOLtHqaGxP12qzhQI,90.03
Astronaut In The Ocean,Masked Wolf,3Ofmpyhv5UAQ70mENzB277,149.996
WITHOUT YOU,The Kid LAROI,27OeeYzk6klgBh83TSvGMA,93.005
"F*CK YOU, GOODBYE (feat. Machine Gun Kelly)",The Kid LAROI,0DYNL4xbYWgNzppUamtyR4,92.057
Some Nights,fun.,6t6oULCRS6hnI7rm0h5gwl,107.938
Cheap Thrills (feat. Sean Paul),Sia,2ONIJ40u0Attbm3miIIpNO,89.949
Chandelier,Sia,2s1sdSqGcKxpPr5lCl7jAV,117.089
Crystal Blue Persuasion,Tommy James & The Shondells,6FXwTBdpv4wD0G0Sz3Wxn4,99.172
Honeybee,Steam Powered Giraffe,3MZjOGeXhpHbQ9ESMNFFnH,87.919
"Ashes - from ""Deadpool 2"" Motion Picture Soundtrack",Céline Dion,7FihoA0WgTT21DkWR7wbYR,110.62
The Sound of Silence,Disturbed,1Cj2vqUwlJVG27gJrun92y,85.794
Daft Punk,Pentatonix,6ukvsBzq4d1vBsAUmz7ZVt,133.014
Take Me to Church,Hozier,1CS7Sd1u5tWkstBhpssyjP,128.945
"Hey, Soul Sister",Train,4HlFJV71xXKIGcU3kRyttv,97.012
Hey There Delilah,Plain White T's,4RCWB3V8V0dignt99LZ8vH,103.971
That's Life - Remastered 2008,Frank Sinatra,4dt6XKr0xKdPzjFhwB8dBm,114.917
My Way - Remastered 2008,Frank Sinatra,2YkIDPL5lGhRhomCq4S2RO,150.836
Human,Rag'n'Bone Man,58zsLZPvfflaiIbNWoA22O,75.087
Windy,The Association,6RUpOheT93fUdI508K5w6U,132.996
The House I Live In,Sam Cooke,27retNEeGAObr73OBCPqgE,115.314
Wake Me Up Before You Go-Go,Wham!,0ikz6tENMONtK6qGkOrU3c,81.548
Girls Just Want to Have Fun,Cyndi Lauper,4y1LsJpmMti1PfRQV9AWWe,120.372
I Wanna Dance with Somebody (Who Loves Me),Whitney Houston,2tUBqZG2AbRi7Q0BIrVrEj,118.818
Hooked on a Feeling,Johnny Maestro & Brooklyn Bridge,23LEAN1OErucG7zBw8OEnu,118.296
I Want You Back,The Jackson 5,5LN9F6c1Okx7Yrwd6GO8tu,98.201
Africa,TOTO,2374M0fQpWi3dLnB54qaLX,92.718
Come On Eileen,Dexys Midnight Runners,0EMmVUYs9ZZRHtlADB88uz,106.799
Moonage Daydream - 2012 Remaster,David Bowie,6mib3N4E8PZHAGQ3xy7bho,144.478
Jump - 2015 Remaster,Van Halen,7N3PAbqfTjSEU1edb2tY8j,129.981
Boogie Wonderland,"Earth, Wind & Fire",6ztstiyZL6FXzh4aG46ZPD,131.715
Build Me Up Buttercup - Mono,The Foundations,6sPOmDulFtLzfX25zICNrC,133.609
Rock Lobster,The B-52's,2Q5wSOwq6BDSu7sSVMNrtT,92.157
Take on Me,a-ha,2WfaOiMkCvy7F5fcp2zZ8L,84.412
Let's Go,The Cars,43G3McVkRa8V7oGQzfQuRr,131.282
Don't You (Forget About Me),Simple Minds,4aWn4NHlELpOehxsBaQeoe,111.346
We Built This City,Starship,7aHRctaQ7vjxVTVmY8OhAA,144.091
Love Shack,The B-52's,4W4wYHtsrgDiivRASVOINL,133.608
Brown Eyed Girl,Van Morrison,3yrSvpt2l1xhsV9Em88Pul,150.566
Psycho Killer - 2005 Remaster,Talking Heads,1i6N76fftMZhijOzFQ5ZtL,123.118
Whip It,DEVO,4sscDOZCkbLSlDqcCgUJnX,157.902
Karma Chameleon - Remastered 2002,Culture Club,2wSAWEYUHkt92X4SBAPqZE,92.049
Your Love,The Outfield,4oDZ5L8izBals6jKBJDBcX,129.537
Dancing Queen,ABBA,4NtUY5IGzHCaqfZemmAu56,100.812
Heat Of The Moment,Asia,2ZBalNGwjqdKJd29O76wBV,136.136
You Make My Dreams (Come True),Daryl Hall & John Oates,4o6BgsqLIBViaGVbx5rbRk,167.057
I Want A New Drug,Huey Lewis & The News,0mZNKyrUmsrlDRoYHWsyMu,110.289
I Believe in a Thing Called Love,The Darkness,756CJtQRFSxEx9jV4P9hpA,128.235
September,"Earth, Wind & Fire",5nNmj1cLH3r4aA4XDJ2bgY,125.941
Billie Jean,Michael Jackson,5ChkMS8OtdzJeqyybCc9R5,117.046
Bang on the Drum All Day,Todd Rundgren,4E1zu77wpEEmIyligHzfpg,142.527
Spanish Flea,Herb Alpert & The Tijuana Brass,0fmNiN85g1XF1NemAGY7G2,81.673
Hound Dog,Elvis Presley,4OJ3zauZJ8UOyr5IANIBJ2,176.163
"Signed, Sealed, Delivered (I'm Yours)",Stevie Wonder,3M5eeHXgG4VplKNcsBC8Dj,108.826
(Fuck A) Silver Lining,Panic! At The Disco,3BDxv4ORzOpXAsa4lWVl4i,105.092
Say Amen (Saturday Night),Panic! At The Disco,76vMKwFtdDDCLcM6zXybjB,167.965
Dancing's Not a Crime,Panic! At The Disco,6PFoEnjp0PAe5siGswjH9i,94.095
One of the Drunks,Panic! At The Disco,5trCWbYtza0QUxdmF9HAPX,174.008
The Overpass,Panic! At The Disco,4hUR3thIs01mQUtVmZFJ8F,132.951
King of the Clouds,Panic! At The Disco,50Hv5NZIM0puIUoBttjpfb,198.063
Old Fashioned,Panic! At The Disco,18ULKfQl3KpCnklAKFfO2t,168.033
Dying in LA,Panic! At The Disco,18xmRkPWE0sGUzFyNNAAhN,126.444
Hallelujah,Panic! At The Disco,6TzJLISIitIzn1WtjDY0Op,80.008
Emperor's New Clothes,Panic! At The Disco,3px2rAPu74ltbkf9eZsZ8h,94.481
Crazy = Genius,Panic! At The Disco,6V68ItawQkQlZhYIf1S86C,114.109
Golden Days,Panic! At The Disco,3fwKVZ73y7UUGMyR6rVCRa,128.006
"The Good, the Bad and the Dirty",Panic! At The Disco,5eoZTdiq4C4aoEfUwAN0ha,156.071
House of Memories,Panic! At The Disco,2DgdHcjWmO3qd50RzuBLgZ,109.952
Impossible Year,Panic! At The Disco,5j9yOfRB2s6OMS1YwwYiMw,85.574
Golden Girls (Thank You for Being a Friend),TV Tunesters,5PS1pJgC3axpKanB4FViJB,110.088
"The Planets, Op. 32: 1. Mars, the Bringer of War",Gustav Holst,1C3RIRKQZhSk5d2iioIhkg,148.689
"The Planets, Op. 32: 4. Jupiter, the Bringer of Jollity",Gustav Holst,59Id4KrBWiizuq53doxWtp,139.855
Parsifal: Prelude,Richard Wagner,1LsVfQsnC1ROzKxVRdihCc,70.69
"Die Walküre, WWV 86B / Act 3: Feuerzauber",Richard Wagner,5r3jy6z0Hh62sINMCzRsCA,77.401
Ride of the Valkyries,Richard Wagner,2A7qdr3UNP9Pxjcxa5Jj53,101.636
Elsa's Procession to the Cathedral,Richard Wagner,7bxyXP9HZwNfI246qc2YGr,68.969
"Pines Of Rome, P. 141: 4. The Pines Of The Appian Way",Ottorino Respighi,3nm8DwebzyBkQB1vb9mKsG,165.911
In The Heights,Anthony Ramos,3LrdGTfM0Ije3k8qrc31GZ,167.834
"96,000",Anthony Ramos,1O3KXo0YElNWSbYujoRyQ0,171.93
The Internet Song,Ben Michals,2mY7hAjprc5ioyqKbYoud0,104.01
Sexy,Kate Rockwell,4A1GfEVOELS3vo4tSa6bts,134.012
Apex Predator,Barrett Wilbert Weed,03uQyt8Bdnt2paQgCWZl5v,111.96
Revenge Party,Grey Henson,6uUE5S0ZYveiVxl05XIH7G,99.787
World Burn,Taylor Louderman,3iISGrl3JKqPQ4GLqPjVkt,180.057
Take You Dancing,Jason Derulo,59qrUpoplZxbIZxk6X0Bm3,112.985
We're Not Gonna Take It,Twisted Sister,1hlveB9M6ijHZRbzZ2teyh,149.186
Stacy's Mom,Fountains Of Wayne,27L8sESb3KR79asDUBu8nW,118.015
Black Betty,Ram Jam,6kooDsorCpWVMGc994XjWN,117.293
Play That Funky Music,Wild Cherry,5uuJruktM9fMdN9Va0DUMl,109.394
The Pretender,Foo Fighters,7x8dCjCr0x6x2lXKujYD34,172.984
Wonderwall,Oasis,1qPbGZqppFwLwcBC1JQ6Vr,174.584
Boulevard of Broken Dreams,Green Day,5GorCbAP4aL0EJ16frG2hd,167.06
21 Guns,Green Day,64yrDBpcdwEdNY9loyEGbX,159.779
West Coast (feat. Quinn XCII),DVBBS,4fCE1SCDulouoac9Q8XroU,119.017
We Are the Winx,Imitator Tots,62DhR27lWUHYHuD9A3zSrB,120.074
