name,tempo,row_no
Tennessee Whiskey,48.718,0
A Million Dreams,54.747,1
Building The Barricade,55.95,2
Desperado - 2013 Remaster,60.3,3
We Are The Champions - Remastered 2011,64.223,4
On This Day,64.252,5
Red Like Roses (Red Trailer) [feat. Casey Lee Williams],66.668,6
Arabian Nights,66.727,7
La Llorona,67.697,8
Dental Care,68.493,9
Lover,68.534,10
Elsa's Procession to the Cathedral,68.969,11
Parsifal: Prelude,70.69,12
Crazy,70.714,13
The Music Of The Night,71.301,14
On My Own,71.842,15
Anyone Else But You,73.115,16
Always on My Mind,73.36,17
Innuendo - Remastered 2011,73.419,18
You're the Inspiration - 2006 Remaster,74.008,19
Exhale,74.009,20
A Million Dreams (Reprise),74.369,21
Let Her Go,74.897,22
Elephant,74.98,23
Woman Like Me (feat. Nicki Minaj),75.002,24
Play with Fire (feat. Yacht Money),75.012,25
Ol' Red,75.049,26
Human,75.087,27
All I Ask of You - Single Album Version,75.142,28
A Country Boy Can Survive,75.184,29
In My Life,75.556,30
Skyfall,75.881,31
Almost Home,75.974,32
Hurricane,75.977,33
Fade Away,75.986,34
Angel,76.001,35
Mystery Lady (feat. Don Toliver),76.006,36
Get Back,76.018,37
Look Down,76.019,38
Dovahkiin,76.175,39
I'm Gonna Be Somebody,76.406,40
I Stand On That,76.474,41
Daddy's Hands,76.511,42
Civilization,76.548,43
"Jesus, Take the Wheel",76.572,44
Do You Hear The People Sing?,76.744,45
Crazy Little Thing Called Love - 2011 Remaster,76.793,46
Mirrors,76.899,47
Whiskey River,76.915,48
Don Juan,76.959,49
Beer Never Broke My Heart,77.001,50
The Greatest Show,77.009,51
I Knew You Were Trouble.,77.019,52
Strawberry Blond,77.332,53
"Die Walküre, WWV 86B / Act III: Feuerzauber",77.401,54
Tidal Wave,77.505,55
sauceintherough - bonus track,77.547,56
Fishin' in the Dark,77.756,57
Take It On the Run,77.81,58
Farmer Refuted,77.879,59
Complicated,77.987,60
All I Need (with Mahalia & Ty Dolla $ign),78.001,61
I'm Ready,78.043,62
"No One Mourns The Wicked - From ""Wicked"" Original Broadway Cast Recording/2003",78.072,63
Ocean Front Property,78.334,64
Play The Game,78.486,65
Tattoos on This Town,78.494,66
Monsters (feat. blackbear),78.532,67
The Best Of Times,78.662,68
45,78.83,69
Feel It Still,78.969,70
Hello,78.991,71
Thinking out Loud,78.998,72
Cool,79.007,73
"no body, no crime (feat. HAIM)",79.015,74
Begin Again,79.025,75
Drops of Jupiter (Tell Me),79.064,76
Lovebug,79.071,77
All I Ever Wanted (with Queen's Reprise) - The Prince Of Egypt/Soundtrack Version,79.703,78
I'll Cover You - Reprise,79.902,79
Raise Hell,79.963,80
Halo,79.983,81
Archangel,79.989,82
Jump Then Fall,79.991,83
Hallelujah,80.008,84
Sunburn,80.008,85
See You Again (feat. Charlie Puth),80.025,86
Everything Has Changed,80.029,87
Bad Ideas,80.042,88
Stan,80.063,89
I Love Kanye,80.326,90
La Grange - 2005 Remaster,80.544,91
Summertime Blues,80.716,92
Grow As We Go,80.824,93
Mess,80.848,94
RAPSTAR,81.039,95
willow,81.112,96
Pretty Women,81.268,97
We Will Rock You - Remastered 2011,81.308,98
One Day More,81.337,99
We Will Rock You,81.412,100
Lady May,81.446,101
Wake Me Up Before You Go-Go,81.548,102
"Colors of the Wind - From ""Pocahontas"" / Soundtrack Version",81.551,103
Save Me,81.572,104
Spanish Flea,81.673,105
The Thunder Rolls,81.945,106
Brick By Brick,81.966,107
Not All Heroes Wear Capes,81.986,108
American Soldier,82.009,109
High Hopes,82.014,110
Infinite,82.019,111
Trumpets,82.142,112
Dead Wrong (feat. Eminem) - 2005 Remaster,82.228,113
God's Gonna Cut You Down,82.228,114
Lot to Learn,82.232,115
I'm A Believer - Radio Edit,82.336,116
Stairway to Heaven - Remaster,82.433,117
Never Enough (Reprise),82.486,118
Bicycle Race - Remastered 2011,82.725,119
Hello Darlin' - Single Version,82.787,120
The Reason,82.904,121
North to Alaska,82.947,122
I Did Something Bad,82.989,123
Hello Beautiful,83.096,124
Roaring 20s,83.19,125
How Far I'll Go - Reprise,83.197,126
The Joker,83.293,127
The Show Must Go On - Remastered 2011,83.402,128
"Tiny Glowing Screens, Pt. 3",83.407,129
invisible string,83.433,130
You've Got to Stand for Something,83.472,131
The Bird And The Worm,83.477,132
The Point of No Return - Single Album Version,83.69,133
Lucid Dreams,83.903,134
You’re Not Alone,84.011,135
Mockingbird,84.039,136
Please Don't Go,84.264,137
Take on Me,84.412,138
So Will I,84.438,139
Big Poppa - 2005 Remaster,84.492,140
Think of Me - Single Album Version,84.631,141
An Innocent Warrior,84.656,142
Hall of Fame (feat. will.i.am),84.786,143
Everyone Knows Juanita,84.852,144
Remember the Name (feat. Styles of Beyond),84.858,145
Same Love (feat. Mary Lambert),84.958,146
ABC Café / Red & Black,84.972,147
Pour Some Sugar On Me - Remastered 2017,84.989,148
The A Team,84.996,149
Hot Venom,85.004,150
You Need To Calm Down,85.026,151
Faithfully,85.04,152
"For Good - From ""Wicked"" Original Broadway Cast Recording/2003",85.063,153
Basket Case,85.064,154
Who Wants What,85.093,155
"Defying Gravity - From ""Wicked"" Original Broadway Cast Recording/2003",85.268,156
So Good,85.51,157
I Swear,85.523,158
My Name Is,85.561,159
Just Don't Give A Fuck,85.571,160
Impossible Year,85.574,161
All Caps,85.61,162
The Sound of Silence,85.794,163
We Are Never Ever Getting Back Together,85.984,164
"Who Am I? - From ""Les Miserables''",86.288,165
You Can't Always Get What You Want,86.327,166
Masquerade / Why So Silent?,86.343,167
All I Ask Of You - Reprise,86.578,168
Go the Distance,86.614,169
Billionaire (feat. Bruno Mars),86.776,170
Never Enough,86.777,171
Hound Dog,86.895,172
Somebody To You,86.978,173
Body Say,86.983,174
Believe (feat. Justin Timberlake),87.008,175
Burn,87.016,176
The Gambler,87.04,177
Cabinet Battle #1,87.043,178
You Will Be Found,87.335,179
"I Dreamed A Dream - From ""Les Misérables""",87.502,180
Big John - Re-Recorded In Stereo,87.533,181
Tom Sawyer,87.559,182
"Defying Gravity - From ""Wicked"" Original Broadway Cast Recording/2003",87.613,183
Fifth Avenue,87.683,184
Him & I (with Halsey),87.908,185
Honeybee,87.919,186
Tea,88.029,187
Sunday Morning,88.04,188
Dragon Attack,88.152,189
"Love Without End, Amen",88.491,190
Fat Bottomed Girls - Remastered 2011,88.772,191
Gotta Go My Own Way,88.797,192
I'm A Survivor,88.834,193
ivy,88.856,194
"Popular - From ""Wicked"" Original Broadway Cast Recording/2003",88.864,195
Hey Ho,88.972,196
Seasons of Love B,88.996,197
"Jumpin', Jumpin'",88.997,198
Our Song,89.011,199
Don't Take Your Guns to Town,89.199,200
Down Once More / Track Down This Murderer,89.277,201
Science Fiction / Double Feature,89.443,202
Why,89.672,203
Eastside (with Halsey & Khalid),89.949,204
Cheap Thrills (feat. Sean Paul),89.949,205
If Today Was Your Last Day,89.956,206
No One,89.969,207
Stereo Hearts (feat. Adam Levine),89.99,208
Fine By Me,89.993,209
Keep Your Head Up,90.01,210
"Zero - From the Original Motion Picture ""Ralph Breaks The Internet""",90.011,211
From Shadows (Black Trailer) [feat. Casey Lee Williams],90.014,212
My Everything,90.026,213
Peaches (feat. Daniel Caesar & Giveon),90.03,214
Let Me Blow Ya Mind,90.032,215
Shelter from the Storm,90.049,216
Whatcha Gon Do (feat. Terror Squad),90.086,217
Only God Can Judge Me,90.185,218
All Time Low,90.246,219
"I'm Not That Girl - From ""Wicked"" Original Broadway Cast Recording/2003",90.265,220
Hurt,90.379,221
"Forever and Ever, Amen",90.392,222
Adore You,90.543,223
Dishonored,90.758,224
"For the First Time in Forever - From ""Frozen""/Soundtrack Version",90.831,225
Knee Deep (feat. Jimmy Buffett),90.987,226
Mood (feat. iann dior),90.989,227
This Is Me,90.992,228
Memories,91.019,229
Kiss Me,91.044,230
Remember The Name (feat. Eminem & 50 Cent),91.046,231
Meet In the Middle,91.11,232
Take It to the Limit - 2013 Remaster,91.137,233
Black Mirror,91.415,234
Coward Of The County,91.471,235
One Mic,91.672,236
Heaven,91.894,237
It Girl,91.993,238
Non-Stop,91.994,239
Winners Never Quit,92.004,240
Gorgeous,92.027,241
Yesterday,92.035,242
Karma Chameleon - Remastered 2002,92.049,243
"F*CK YOU, GOODBYE (feat. Machine Gun Kelly)",92.057,244
Friend Like Me,92.092,245
Rock Lobster,92.157,246
I Want It All,92.31,247
"I See the Light - From ""Tangled"" / Soundtrack Version",92.64,248
Africa,92.718,249
Face Down,92.956,250
One More Night,92.997,251
Loving You Tonight - New Album Version,93.004,252
WITHOUT YOU,93.005,253
Jealous,93.01,254
Gold Digger,93.034,255
"Airplanes, Pt. II (feat. Eminem & Hayley Williams of Paramore)",93.047,256
Way Down Hadestown,93.088,257
Better Days,93.203,258
All Eyez On Me,93.281,259
Doing Alright - Remastered 2011,93.294,260
Dust in the Wind,93.503,261
I Don't Need Your Rockin' Chair - Version w/special guests,93.865,262
Riding With Private Malone,93.93,263
Hypnotize - 2014 Remaster,93.941,264
What's Luv? (feat. Ja-Rule & Ashanti),93.955,265
Hellfire,93.977,266
Good Day,94.004,267
My House,94.006,268
Only Human,94.01,269
Lockdown,94.021,270
3 O'Clock Things,94.026,271
Five More Minutes,94.037,272
Jesus in LA,94.049,273
Dancing's Not a Crime,94.095,274
The Worst Pies in London,94.101,275
Still Not a Player - Remix,94.13,276
Ante Up (Robbin Hoodz Theory),94.138,277
The Internet Is for Porn,94.259,278
Just To See You Smile,94.342,279
I Love Rock 'N Roll,94.379,280
This Will Be the Day (feat. Casey Lee Williams),94.432,281
Emperor's New Clothes,94.481,282
You're the Best,94.503,283
We Are The Champions,94.504,284
"Mammas, Don't Let Your Babies Grow Up to Be Cowboys",94.597,285
Bring Me To Life,94.612,286
The Grand Illusion,94.617,287
Battle Without Honor Or Humanity,94.699,288
Welcome to the Internet,94.711,289
It Wasn't Me,94.762,290
ABC,94.769,291
A Thousand Miles,94.841,292
She Loves Control,94.9,293
Ms. Jackson,94.948,294
Fancy,94.959,295
Brain Damage,94.982,296
Good Life,94.988,297
Thrift Shop (feat. Wanz),94.992,298
S.L.U.T.,94.997,299
The Valkyrie: Ride of the Valkyries,95.003,300
Cheetah Tongue,95.008,301
Closer,95.01,302
Style,95.019,303
Broken Heart,95.02,304
Twinz (Deep Cover '98),95.025,305
Lucky,95.026,306
X Gon' Give It To Ya,95.027,307
Say My Name,95.031,308
Sucker for You,95.034,309
Perfect,95.05,310
Oops!...I Did It Again,95.053,311
FRIENDS,95.079,312
Summertime,95.116,313
Watermelon Sugar,95.39,314
Can't C Me,95.416,315
Fightin Side Of Me,95.483,316
Fifteen,95.485,317
Shallow,95.799,318
This Is Me,95.895,319
Picture Me Rollin',95.905,320
Shia LaBeouf Live,95.917,321
betty,95.939,322
Shape of You,95.977,323
Cloud Country,95.979,324
Long Division,95.985,325
Invincible,95.992,326
Blank Space,95.997,327
Invisible,96.001,328
Rocketeer,96.005,329
This Means War,96.014,330
Party In The U.S.A.,96.021,331
If I Could Tell Her,96.026,332
Miss Me More,96.028,333
On the Other Hand,96.033,334
Change,96.038,335
Magic In The Hamptons (feat. Lil Yachty),96.051,336
Teardrops,96.051,337
2002,96.133,338
For Forever,96.269,339
Good Old Fashioned Lover Boy,96.302,340
Hold the Line,96.556,341
Daddy Sang Bass,96.882,342
Welcome to the Black Parade,96.95,343
All You Had To Do Was Stay,96.969,344
Can't Be Touched (feat. Mr. Magic & Trouble),96.986,345
Ballin' (with Roddy Ricch),97.008,346
"Hey, Soul Sister",97.012,347
queen of broken hearts,97.019,348
Cornelia Street - Live From Paris,97.085,349
Something to Be Proud Of,97.555,350
Natural,97.773,351
Sweet Home Alabama,97.798,352
"Sincerely, Me",97.864,353
Moment 4 Life,97.943,354
All Falls Down (feat. Juliander),97.976,355
Mama Tried,97.982,356
Lift Yourself,98.008,357
Same Old Love,98.02,358
Dance Monkey,98.027,359
Hit and Run,98.033,360
Without Love,98.04,361
We Know The Way,98.043,362
These Palace Walls,98.05,363
I Want You Back,98.201,364
"Louisiana Woman, Mississippi Man",98.263,365
I'm Gonna Miss Her,98.354,366
I Walk the Line,98.805,367
Masquerade - Single Album Version,98.903,368
Goodbye Song,99.019,369
Popular Song,99.036,370
Crazy In Love (feat. Jay-Z),99.165,371
Crystal Blue Persuasion,99.172,372
How U Get a Record Deal?,99.402,373
Come Out Ye Black & Tans,99.425,374
Sweet Emotion,99.437,375
Wild and Untamed Thing,99.695,376
Revenge Party,99.787,377
Starving - Acoustic,99.859,378
"Toss a Coin to Your Witcher (From ""The Witcher Series"")",99.918,379
The Gambler,99.937,380
Dust On The Bottle,99.942,381
Teardrops On My Guitar - Radio Single Remix,99.953,382
Here With Me,99.961,383
Fearless,99.972,384
Tonight Tonight,99.978,385
Kiss and Make Up,99.986,386
Smoke Clears,99.988,387
Dancing Queen - From 'Mamma Mia!' Original Motion Picture Soundtrack,99.992,388
Hot Air Balloon,100.0,389
I Think He Knows,100.003,390
New,100.005,391
Gives You Hell,100.008,392
Monster,100.013,393
Colors,100.02,394
ILYSB,100.026,395
Black Smoke Rising,100.027,396
"Love Is an Open Door - From ""Frozen""/Soundtrack Version",100.033,397
Michelle Pfeiffer (feat. lil aaron),100.06,398
The Safety Dance,100.2,399
Don't Cry Joni,100.349,400
Love Yourself,100.418,401
Your Man,100.511,402
Crazy Beautiful,100.522,403
Dancing Queen,100.812,404
Ain't No Half-Steppin',100.842,405
Think Of Me,100.857,406
I Like It Like That (feat. New Boyz),101.002,407
We Know The Way - Finale,101.08,408
The Fresh Prince of Bel-Air,101.152,409
Day Dreaming,101.241,410
Highwayman,101.384,411
Ride of the Valkyries,101.636,412
"A Boy Named Sue - Live at San Quentin State Prison, San Quentin, CA - February 1969",101.882,413
Criminal,101.941,414
I Took A Pill In Ibiza - Seeb Remix,101.969,415
She Will Be Loved - Radio Mix,102.0,416
Morning In America,102.018,417
Semi-Charmed Life,102.026,418
Kung Fu Fighting,102.035,419
Stay,102.04,420
Too Good To Be True,102.062,421
Save a Horse (Ride a Cowboy),102.065,422
Epiphany,102.124,423
Neon Moon,102.408,424
What I Like About You (feat. Theresa Rex),102.46,425
I Will Make It Up To You,102.522,426
The Point Of No Return / Chandelier Crash,102.699,427
Fooling Yourself (The Angry Young Man),102.855,428
"Luckenbach, Texas (Back to the Basics of Love)",102.88,429
That Thing That You Do,102.926,430
Levitating (feat. DaBaby),102.977,431
Something Just Like This,102.996,432
All Summer Long,102.997,433
FIND MY WAY,103.0,434
Problem,103.008,435
Life is a Highway,103.027,436
Cool With Being Crazy,103.027,437
The Bare Necessities,103.066,438
Toss A Coin To Your Witcher,103.128,439
Momma Tried,103.173,440
Beautiful Crazy,103.313,441
Nothing To Lose,103.446,442
Stayin' Alive - Remastered Version,103.683,443
Magic Man,103.818,444
Those Kinda Nights (feat. Ed Sheeran),103.868,445
Skyscraper,103.933,446
Hey There Delilah,103.971,447
Talk Too Much,103.972,448
Paper Rings,103.979,449
Stronger,103.98,450
Hate Myself,103.985,451
Whistle,103.992,452
Nothin' on You (feat. Bruno Mars),103.993,453
Comeback Kid,104.002,454
Glowing in the Dark,104.006,455
22,104.007,456
The Internet Song,104.01,457
Call You Mine,104.01,458
All Star,104.019,459
But For The Grace Of God,104.021,460
Ring of Fire,104.111,461
"Another Brick in the Wall, Pt. 2",104.114,462
"December, 1963 (Oh What a Night!)",104.409,463
El Chupa Nibre,104.449,464
What Do You Do with a B.A. in English / It Sucks to Be Me,104.46,465
Banks of Marble,104.492,466
The Real Slim Shady,104.504,467
Take Me Out,104.656,468
Drug Ballad,104.759,469
When the Sun Goes Down,104.945,470
Rolling in the Deep,104.948,471
Toothbrush,104.978,472
Havana (feat. Young Thug),104.988,473
Solo (feat. Demi Lovato),105.005,474
hole in the bottle - ballerini album version,105.02,475
Here's To The Zeros,105.029,476
My Oh My (feat. DaBaby),105.046,477
This Feeling,105.049,478
Pokemon World,105.079,479
(Fuck A) Silver Lining,105.092,480
Finesse - Remix; feat. Cardi B,105.115,481
Hang Ups,105.131,482
In the End,105.143,483
Wheel in the Sky,105.184,484
You Never Even Called Me By My Name,105.367,485
Picture To Burn,105.586,486
Thank God I'm a Country Boy,105.603,487
Renegade,105.623,488
Amos Moses,105.625,489
A Little Priest,105.925,490
Alien,105.955,491
2ba Master,106.008,492
Paralyzer,106.031,493
Something Wild (feat. Andrew McMahon in the Wilderness),106.046,494
I Wanna Talk About Me,106.06,495
"Love, Me",106.581,496
El Paso,106.662,497
Hells Bells,106.767,498
Come On Eileen,106.799,499
"Caroline, Please Kill Me",106.902,500
Pretty Good At Drinkin' Beer,106.951,501
Year 3000,106.965,502
Who Do You Love,106.994,503
Honey And The Bee,106.995,504
Boum Boum Boum,107.039,505
Numb / Encore,107.045,506
"Gaston - From ""Beauty and the Beast"" / Soundtrack Version",107.124,507
Sweet Transvestite,107.153,508
Kaw-Liga,107.234,509
Medley: Down Once More / Track Down This Murderer,107.384,510
Feels like the First Time - 2008 Remaster,107.705,511
Anybody Have a Map?,107.768,512
Good For You,107.802,513
Into You,107.853,514
Callin' Baton Rouge,107.859,515
I Bet My Life,107.889,516
Gettin' Jiggy Wit It,107.891,517
Breaking Free,107.934,518
"Hey Look Ma, I Made It",107.936,519
Some Nights,107.938,520
Photograph,107.989,521
Set Fire to the Rain,107.993,522
Hands Up (feat. DNCE),107.996,523
Immortals,108.016,524
From Now On,108.027,525
Rain Is A Good Thing,108.051,526
"When Will My Life Begin? - From ""Tangled"" / Soundtrack Version",108.066,527
Friends In Low Places,108.074,528
Down On The Corner,108.217,529
All Out of Love,108.383,530
Linda on My Mind,108.432,531
To Break In a Glove,108.491,532
Walk This Way,108.705,533
More Than a Feeling,108.789,534
"Signed, Sealed, Delivered (I'm Yours)",108.826,535
Holes In The Floor Of Heaven,108.946,536
I Want To Break Free - Remastered 2011,108.947,537
Eye of the Tiger,108.965,538
Happy Does,109.018,539
Just the Way You Are,109.021,540
Tulou Tagaloa,109.041,541
Play That Funky Music,109.394,542
(Ghost) Riders in the Sky,109.511,543
Mountain Music,109.52,544
Life in the Fast Lane - 2013 Remaster,109.535,545
"Old Dogs, Children And Watermelon Wine",109.573,546
If You're Gonna Play in Texas (You Gotta Have a Fiddle in the Band),109.581,547
How Do You Like Me Now?!,109.609,548
Good Hearted Woman,109.704,549
Somebody To Love - 2011 Remaster,109.772,550
Walking On Sunshine,109.902,551
Edge of Midnight (Midnight Sky Remix) (feat. Stevie Nicks),109.95,552
House of Memories,109.952,553
Another One Bites The Dust - Remastered 2011,109.975,554
Protectors of the Earth,109.98,555
Treacherous,109.993,556
What Lovers Do (feat. SZA),110.001,557
I'm with You,110.003,558
Wannabe,110.008,559
National Anthem of the PC Master Race,110.009,560
Victorious,110.01,561
Halo 4,110.011,562
I Do,110.019,563
Selene,110.022,564
Hollaback Girl,110.024,565
Payphone,110.028,566
The Man,110.048,567
Golden Girls (Thank You for Being a Friend),110.088,568
Somebody To Love,110.193,569
I Want A New Drug,110.289,570
Grenade,110.444,571
Folsom Prison Blues,110.519,572
Jolene,110.578,573
"Ashes - from ""Deadpool 2"" Motion Picture Soundtrack",110.62,574
Sunshine Type,110.912,575
You should be sad,110.94,576
On the Road Again,110.97,577
Hands To Myself,111.016,578
St Elmo's Fire (Anniversary Edition),111.038,579
Don't You (Forget About Me),111.346,580
Check Yes Or No,111.482,581
Convoy,111.62,582
Bet You Wanna (feat. Cardi B),111.712,583
"Courtesy Of The Red, White And Blue (The Angry American)",111.762,584
I Can Hear The Bells,111.927,585
I'm So Lonesome I Could Cry,111.937,586
Apex Predator,111.96,587
The Saltwater Room,111.965,588
Black Magic,111.987,589
Adventure of a Lifetime,111.995,590
Freakin' It,112.001,591
Thunderclouds,112.035,592
I Got A Feelin',112.078,593
Georgia On My Mind,112.146,594
Without Me,112.238,595
My Favorite Things,112.34,596
Radio Ga Ga - Remastered 2011,112.345,597
Savior,112.548,598
These Are The Days Of Our Lives - 2011 Remaster,112.654,599
Finale,112.831,600
"Don't Give Up On Me - (From ""Five Feet Apart"")",112.864,601
Immigrant Song - Remaster,112.937,602
Tongue Tied,112.96,603
Take You Dancing,112.985,604
Break My Heart,113.011,605
"One, Two Step (feat. Missy Elliott)",113.046,606
"Introducing Me - From ""Camp Rock 2: The Final Jam""",113.059,607
Should I Stay or Should I Go,113.065,608
All Along the Watchtower,113.253,609
Blame It on the Boogie,113.256,610
Gimme More,113.324,611
Under Pressure,113.458,612
Rose Tint My World,113.771,613
Summer Days (feat. Macklemore & Patrick Stump of Fall Out Boy),113.778,614
Under Pressure - Remastered 2011,113.809,615
I'll Make a Man Out of You,113.852,616
Never Too Late,113.882,617
I Won't Let You Down,113.986,618
Born To Be Yours,114.011,619
Want to Want Me,114.025,620
Burnin' Up,114.03,621
Your Turn to Roll (Critical Role Theme),114.03,622
Dynamite,114.044,623
successful,114.045,624
South of the Border (feat. Camila Cabello & Cardi B) - Cheat Codes Remix,114.054,625
Cool for the Summer,114.06,626
Nothing Breaks Like a Heart (feat. Miley Cyrus),114.066,627
Crazy = Genius,114.109,628
Promiscuous,114.321,629
Saturday in the Park - 2002 Remaster,114.398,630
Presumably Dead Arm (617 Sessions),114.478,631
Hurt Somebody,114.576,632
"No Good Deed - From ""Wicked"" Original Broadway Cast Recording/2003",114.814,633
That's Life - Remastered 2008,114.917,634
What Comes Next?,114.972,635
Circus,114.98,636
Sparks Fly,114.987,637
Uptown Funk (feat. Bruno Mars),114.988,638
TOOTIMETOOTIMETOOTIME,114.998,639
Fever,114.999,640
Cowgirls Don't Cry (feat. Reba McEntire),115.015,641
Everyday,115.025,642
The Everclear Song,115.035,643
I Love This Bar,115.066,644
Play Something Country,115.148,645
Sink the Bismark,115.234,646
The House I Live In,115.314,647
Where Were You (When the World Stopped Turning),115.362,648
The Plagues - The Prince Of Egypt/Soundtrack Version,115.444,649
Sold (The Grundy County Auction Incident),115.642,650
Highway to Hell,115.728,651
Shotgun,115.744,652
Revolting Children,115.911,653
If You're Going Through Hell (Before The Devil Even Knows),115.954,654
Pomemon Johto,115.966,655
Some Beach,115.979,656
Big Iron,116.027,657
Like I Ain't,116.03,658
Get Lucky (feat. Pharrell Williams & Nile Rodgers),116.05,659
She Don't Know She's Beautiful,116.115,660
Have You Ever Seen The Rain,116.122,661
Otherside (feat. Fences) [Ryan Lewis Remix],116.247,662
Ladies Love Country Boys,116.284,663
"Dancing Through Life - From ""Wicked"" Original Broadway Cast Recording/2003",116.606,664
Ladies' Choice,116.945,665
Señorita,116.947,666
Pokerap,116.963,667
Strawberry Avalanche,117.003,668
Crazy For You,117.019,669
Welcome To New York,117.024,670
All My Friends Say,117.036,671
Fallin' For You,117.043,672
Billie Jean,117.046,673
Ч.П.Х.,117.054,674
Chandelier,117.089,675
"Believe It or Not (Theme from ""Greatest American Hero"")",117.129,676
Killer Queen - 2011 Remaster,117.132,677
Blue Eyes Crying In the Rain,117.136,678
Dear God,117.156,679
House Of The Rising Sun,117.2,680
Baba O'Riley,117.292,681
Black Betty,117.293,682
Youth Gone Wild,117.367,683
The Final Countdown,117.662,684
My Friends,117.701,685
Does Anybody Really Know What Time It Is?,117.792,686
The Lucky One,117.937,687
Hot Blooded,117.945,688
Safe And Sound,117.956,689
Wake Me,117.956,690
I Don’t Wanna Live Forever (Fifty Shades Darker),117.97,691
Cha-Ching,117.996,692
"As Long As You're Mine - From ""Wicked"" Original Broadway Cast Recording/2003",117.997,693
Just for One Night (feat. Astrid S),118.005,694
Apologize,118.008,695
Stacy's Mom,118.015,696
Unbelievable,118.02,697
Love Again - Bonus Track,118.026,698
Come Alive,118.034,699
Where You Are,118.037,700
Mind Over Matter,118.043,701
Hesitate,118.051,702
Pop a Top,118.098,703
Free Bird,118.223,704
Hooked on a Feeling,118.296,705
Bad At Love,118.384,706
Time Marches On,118.399,707
When I Grow Up,118.443,708
When I Grow Up,118.449,709
Best Song Ever,118.491,710
Livin' On Love,118.557,711
You're My Best Friend - Remastered 2011,118.738,712
I Wanna Dance with Somebody (Who Loves Me),118.818,713
Don't Stop Believin',118.852,714
Psycho,118.879,715
Not What I Meant (feat. Lewis Watson),118.952,716
Speak Now,118.975,717
Hello Seattle,118.984,718
Love Story,118.984,719
Just Dance,118.992,720
Cake By The Ocean,118.998,721
Poker Face,118.999,722
Bad Romance,119.001,723
Beer For My Horses,119.005,724
West Coast (feat. Quinn XCII),119.017,725
Run Away With Me,119.023,726
Sail,119.038,727
As Good As I Once Was,119.075,728
Titanfall,119.265,729
Suite Madame Blue - Live,119.304,730
Come Sail Away,119.513,731
Heaven In Our Headlights,119.651,732
The Phantom Of The Opera,119.658,733
Little Man,119.798,734
"One Short Day - From ""Wicked"" Original Broadway Cast Recording/2003",119.828,735
Strangers Like Me,119.841,736
illicit affairs,119.845,737
I Love It,119.873,738
The Phantom Of The Opera,119.907,739
Austin,119.914,740
All of Me,119.93,741
One Way Ticket (Because I Can),119.93,742
DJ Got Us Fallin' In Love,119.932,743
Captains Of The Sky,119.934,744
Wings (feat. Casey Lee Williams),119.94,745
Don’t Feel Like Crying,119.964,746
Kiss You Inside Out,119.972,747
1985,119.974,748
Lose Control,119.974,749
Through Heaven's Eyes - The Prince Of Egypt/Soundtrack Version,119.985,750
I Lived,119.986,751
Don't Cha,119.988,752
Boy With Luv (feat. Halsey),119.991,753
It's My Life,119.992,754
7 Years,119.992,755
Victory,119.993,756
The Phantom of the Opera - Single Album Version,119.994,757
Night Changes,120.001,758
Dreaming's For Sleeping,120.003,759
Teenage Dream,120.011,760
Kill Em With Kindness,120.012,761
Way It Goes,120.014,762
POP 101,120.018,763
Call Me Maybe,120.021,764
How Can You Swallow So Much Sleep,120.03,765
February Air,120.031,766
TiK ToK,120.032,767
Maps,120.032,768
Just Got Paid,120.033,769
Still Alive,120.039,770
Talk About You,120.039,771
I Don't Know Why,120.04,772
Electric Love,120.041,773
Haven't Had Enough,120.046,774
We Are the Winx,120.074,775
Sugar,120.076,776
Girls Just Want to Have Fun,120.372,777
Here,120.462,778
Simple Man,120.471,779
I Guess That's Why They Call It The Blues,120.634,780
One Jump Ahead,120.769,781
East Bound and Down,120.795,782
Overture / Hannibal,120.836,783
Rather Be (feat. Jess Glynne),120.97,784
I Like (the idea of) You,120.975,785
Amarillo By Morning,121.059,786
Mine,121.07,787
Story of My Life,121.07,788
"I Won't Say (I'm In Love) - From ""Hercules"" / Soundtrack Version",121.081,789
Around the World,121.294,790
Two Dozen Roses,121.341,791
I Know Him,121.581,792
Overture - Single Album Version,121.709,793
You'll Be Back,121.741,794
Achy Breaky Heart,121.808,795
Body,121.958,796
Dying for You (feat. Alex Aris) - Radio Edit,121.97,797
Work This Out,121.984,798
no tears left to cry,121.993,799
Legacy,121.997,800
Counting Stars,122.017,801
Drive By,122.033,802
I Really Like You,122.034,803
How to Save a Life,122.035,804
Dicked Down in Dallas,122.036,805
Simple Romance,122.043,806
Celebrate,122.045,807
Fresh Eyes,122.054,808
She Thinks My Tractor's Sexy,122.07,809
Daisies,122.179,810
Back In the Saddle,122.201,811
Harper Valley P.T.A.,122.318,812
Grace Kelly,122.361,813
Playing With The Big Boys - The Prince Of Egypt/Soundtrack Version,122.477,814
Teacher,122.485,815
Livin' On A Prayer,122.494,816
Rifles of the IRA,122.698,817
One More Time,122.746,818
You Give Love A Bad Name,122.803,819
You Give Love A Bad Name,122.806,820
Would You Go With Me,122.918,821
Pancho and Lefty,122.997,822
Fiji Water,122.998,823
FIESTA,122.999,824
Embers,123.044,825
More Than You Know,123.048,826
Rain On Me (with Ariana Grande),123.056,827
Psycho Killer - 2005 Remaster,123.118,828
Enter Sandman,123.331,829
Welcome To The Jungle,123.343,830
"Harder, Better, Faster, Stronger",123.494,831
One Jump Ahead,123.608,832
Satisfied,123.772,833
Seven Nation Army,123.865,834
Write This Down,123.867,835
Born This Way,123.907,836
If I Can't Have You,123.911,837
Don't Start Now,123.941,838
This Is What You Came For (feat. Rihanna),123.962,839
Rollercoaster,123.977,840
Weak,123.984,841
Someone You Like,123.988,842
Post Malone (feat. RANI) - VIZE Remix,124.017,843
Shooting Star,124.018,844
"I Like It, I Love It",124.027,845
Black Magic Woman / Gypsy Queen,124.033,846
Blue Clear Sky,124.062,847
Firework,124.072,848
Wake Me Up,124.08,849
Old Time Rock & Roll,124.13,850
Blue Collar Man (Long Nights),124.25,851
Summer Nights - From “Grease”,124.336,852
Where I Come From,124.711,853
Pump Up the Jam,124.778,854
Time to Say Goodbye,124.874,855
A Little Less Talk And A Lot More Action,124.884,856
Never Grow Up,124.91,857
Disturbia,124.921,858
Margaritaville,124.943,859
Shooting Stars,124.944,860
Man! I Feel Like A Woman!,124.944,861
Girls Like You (feat. Cardi B) - Cardi B Version,124.959,862
A Sky Full of Stars,124.97,863
If My Heart Was a House,124.981,864
Red,124.986,865
What Makes You Beautiful,124.99,866
Rock That Body,124.992,867
She's In Love With The Boy,125.0,868
Believer,125.013,869
Just My Type,125.014,870
California Gurls,125.014,871
FEEL SOMETHING DIFFERENT,125.015,872
Temperature,125.04,873
Rewrite The Stars,125.046,874
Montana,125.078,875
Sweet Dreams (Are Made of This) - Remastered,125.135,876
Sharp Dressed Man - 2008 Remaster,125.145,877
Sweet Child O' Mine,125.148,878
Drive (For Daddy Gene),125.179,879
It's Five O'Clock Somewhere,125.202,880
My Maria,125.57,881
Remember When,125.59,882
Gone Country,125.607,883
Heroes (we could be),125.896,884
Find You,125.913,885
September,125.926,886
I Love It (feat. Charli XCX),125.927,887
September,125.941,888
Tom Dooley - Remastered,125.95,889
Emergency,125.985,890
Elle me dit,125.988,891
So What,126.01,892
Dreams And Disasters,126.015,893
Starlight,126.018,894
Last Friday Night (T.G.I.F.),126.03,895
Un Poco Loco,126.032,896
Good Time,126.05,897
Titanium (feat. Sia),126.062,898
Bored,126.074,899
The Best Day,126.079,900
"You're Gonna Go Far, Kid",126.115,901
Kill Of The Night,126.235,902
Dude (Looks Like A Lady),126.294,903
Family Tradition,126.342,904
Seven Seas Of Rhye - Remastered 2011,126.343,905
T.N.T.,126.366,906
Dying in LA,126.444,907
Carry on Wayward Son,126.755,908
I'm Going Home,126.795,909
Glad You Came,126.889,910
Queen Of Spades - Live,126.923,911
Dementia,127.013,912
You & Me,127.015,913
Katie Queen Of Tennessee,127.022,914
Dirt Road Anthem,127.024,915
head first,127.052,916
Boys Like You,127.086,917
Ten Rounds Of Jose Cuevo,127.109,918
Comfortably Numb,127.163,919
A Whole New World,127.346,920
You Shook Me All Night Long,127.361,921
Down On The Farm,127.575,922
Destiny,127.755,923
Budapest,127.812,924
There! Right There!,127.869,925
Tokyo,127.913,926
Here For A Good Time,127.93,927
Share Your Address,127.937,928
Best Days of Your Life,127.939,929
Bird With A Broken Wing,127.941,930
Summer,127.949,931
When Can I See You Again?,127.952,932
Can't Live Without You,127.97,933
Speed Of Love,127.976,934
Long Hot Summer,127.987,935
Metropolis,127.99,936
Waiting For Love,127.999,937
Beautiful Now,128.003,938
Golden Days,128.006,939
Low (feat. T-Pain),128.008,940
Good Feeling,128.011,941
Forever & Always,128.012,942
This Kiss,128.015,943
Shots,128.017,944
When It Rains It Pours,128.027,945
Dare (La La La),128.029,946
Outside (feat. Ellie Goulding),128.035,947
Shut Up and Dance,128.038,948
"Moves Like Jagger - Studio Recording From ""The Voice"" Performance",128.047,949
I'm Coming After You,128.053,950
Look What You Made Me Do,128.07,951
I'm an Albatraoz,128.078,952
I Just Wanna Run,128.103,953
You Spin Me Round (Like a Record),128.103,954
Your Song,128.157,955
I Believe in a Thing Called Love,128.235,956
Hammer To Fall - Remastered 2011,128.541,957
Behind Blue Eyes,128.592,958
If It Ain't Love,128.63,959
I'm in a Hurry (And Don't Know Why),128.69,960
God Blessed Texas,128.798,961
Unconditionally,128.861,962
Remember Me (Ernesto de la Cruz),128.908,963
It's A Great Day To Be Alive,128.93,964
Take Me to Church,128.945,965
A Different World,128.968,966
Uptown Girl,128.993,967
Bullet For Your Dreams,129.004,968
Here Comes The Sun - Remastered 2009,129.171,969
Every Light In The House,129.282,970
"Belle - From ""Beauty and the Beast""/Soundtrack Version",129.283,971
Your Love,129.537,972
I'm From The Country - Single Version,129.542,973
Double Vision,129.546,974
Million Reasons,129.89,975
I Found You,129.916,976
Break Free,129.943,977
You Belong With Me,129.964,978
West Ten,129.972,979
Toes,129.979,980
Jump - 2015 Remaster,129.981,981
I Kissed A Girl,129.996,982
I Want You To Know,129.998,983
Part Of Me,130.028,984
Confident,130.064,985
A Kind Of Magic - Remastered 2011,130.121,986
Boot Scootin' Boogie,130.448,987
Hello!,130.49,988
All My Ex's Live In Texas,130.541,989
Pinball Wizard,130.58,990
If I Die Young,130.739,991
Cold as Ice,130.753,992
Since U Been Gone,131.0,993
Winter Blues,131.001,994
Too Much Time On My Hands,131.012,995
Kyoto,131.014,996
Rose Garden,131.064,997
Fanfare / Don't Dream It,131.077,998
Through The Years - Single Version,131.266,999
Let's Go,131.282,1000
Seven Seas Of Rhye - Live at Wembley '86,131.4,1001
The Greatest Showman Medley: The Greatest Show / A Million Dreams / Never Enough / Rewrite the Stars / This Is Me,131.605,1002
Cruel to Be Kind,131.679,1003
Jessie's Girl,131.7,1004
Boogie Wonderland,131.715,1005
Paint Me A Birmingham,131.784,1006
Kiss An Angel Good Mornin',131.794,1007
Walk A Little Straighter,131.836,1008
I'm Gonna Be (500 Miles),131.922,1009
Gang Related,131.95,1010
You Make Me Feel... (feat. Sabi),131.959,1011
Nobody's Perfect - From “Hannah Montana 2”,131.968,1012
Roll On (Eighteen Wheeler),131.983,1013
Alexander Hamilton,131.995,1014
Not over You,131.996,1015
Good Time,132.017,1016
Do-Re-Mi,132.151,1017
Seven Spanish Angels (with Ray Charles),132.439,1018
Body Language,132.502,1019
Now I'm Here - Remastered 2011,132.543,1020
Bennie And The Jets - Remastered 2014,132.642,1021
She's Got It All,132.728,1022
Fortunate Son,132.77,1023
Reminding Me,132.807,1024
Small Town Southern Man,132.951,1025
The Overpass,132.951,1026
Windy,132.996,1027
Sweet but Psycho,133.002,1028
Daft Punk,133.014,1029
Ignition - Remix,133.024,1030
Good Morning Baltimore,133.037,1031
Who's Cheatin' Who,133.242,1032
I'm Already There,133.296,1033
You've Never Been This Far Before - Re-Recorded In Stereo,133.355,1034
Thunderstruck,133.52,1035
Ratlin' Bog,133.534,1036
Should've Been A Cowboy,133.582,1037
Love Shack,133.608,1038
Build Me Up Buttercup - Mono,133.609,1039
Never Enough,133.659,1040
Body Language - 1991 Bonus Remix,133.664,1041
(The Legend Of) Miss Baltimore Crabs,133.675,1042
Let's Go (feat. Big D & Twista),133.929,1043
FOOL'S GOLD,133.937,1044
Fallin’ (Adrenaline),133.963,1045
Forgot About Dre,133.974,1046
Finally // beautiful stranger,133.976,1047
Farmer's Daughter,133.977,1048
Jerk It Out,134.007,1049
Sexy,134.012,1050
Dangerous Woman,134.049,1051
Washington on Your Side,134.051,1052
Pirelli's Miracle Elixir,134.174,1053
I'm A One Woman Man,134.192,1054
Keep Yourself Alive - 2011 Mix,134.204,1055
"I've Got a Dream - From ""Tangled""/Soundtrack Version",134.326,1056
Walkin' After Midnight,134.834,1057
(It's) Hairspray,134.865,1058
Hold Back The River,134.923,1059
Kiss the Girl - Remastered 2014,134.932,1060
No Regrets (feat. Don Toliver),134.935,1061
Whatever It Takes,134.942,1062
A Real Life,134.976,1063
When You Leave (Numa Numa) - Basshunter Radio Mix,134.981,1064
Umbrella Beach,135.005,1065
Castle on the Hill,135.007,1066
BB Good,135.007,1067
Cave In,135.011,1068
Let the Games Begin,135.023,1069
The Tip Of The Iceberg,135.025,1070
Heart of Courage,135.047,1071
The Devil Went Down to Georgia,135.087,1072
Someone Like You,135.187,1073
Life's a Dance,135.224,1074
Don't Try Suicide,135.271,1075
You're Welcome,135.278,1076
I Will Always Love You,135.724,1077
Don’t Blame Me,135.917,1078
Crush,135.994,1079
Felt Good On My Lips,136.001,1080
Bitter,136.002,1081
Red Dirt Road,136.128,1082
Can I Have This Dance,136.128,1083
Heat Of The Moment,136.232,1084
Radioactive,136.249,1085
(I Can't Get No) Satisfaction - Mono Version,136.302,1086
"Rocket Man (I Think It's Going To Be A Long, Long Time)",136.571,1087
Running on Empty,136.58,1088
Disappear,136.643,1089
Watermelon Crawl,136.746,1090
SOS,137.046,1091
Big Green Tractor,137.071,1092
S.O.S.,137.112,1093
Barracuda,137.145,1094
Coal Miner's Daughter - Single Version,137.349,1095
Lady,137.38,1096
Crazy Train,137.571,1097
Deliver Us - The Prince Of Egypt/Soundtrack Version,137.681,1098
Nikes,137.811,1099
Logo Te Pate,137.899,1100
When I Look At You,137.941,1101
Sucker,137.958,1102
Say My Name,138.009,1103
Brielle,138.012,1104
Viva La Vida,138.015,1105
Addicted,138.018,1106
Somebody Told Me,138.039,1107
Mamma Mia - From 'Mamma Mia!' Original Motion Picture Soundtrack,138.047,1108
Drag Me Down,138.113,1109
I'm Me,138.124,1110
Any Way You Want It,138.158,1111
Fix You,138.178,1112
Miss America,138.298,1113
American Pie,138.45,1114
Feel Good Inc.,138.559,1115
Womanizer,139.0,1116
Country Boy,139.037,1117
Summer Of '69,139.131,1118
Take It Easy - 2013 Remaster,139.191,1119
Death of a Bachelor,139.256,1120
That's What I Love About Sunday,139.469,1121
Who Wants To Live Forever,139.541,1122
Paradise,139.631,1123
Pray For You,139.649,1124
Who Wants To Live Forever - 2011 Remaster,139.671,1125
"The Planets, Op. 32: 4. Jupiter, the Bringer of Jollity",139.855,1126
STARSTRUKK (feat. Katy Perry),139.894,1127
Wonder,139.898,1128
Bang!,139.917,1129
Malibu,139.934,1130
Midnight In Montgomery,139.965,1131
Glorious (feat. Skylar Grey),139.994,1132
Wildest Dreams,139.997,1133
Jericho,140.018,1134
Strength of a Thousand Men,140.021,1135
Ni**as In Paris,140.022,1136
Deer In The Headlights,140.039,1137
50 Ways to Say Goodbye,140.043,1138
I Burn (Yellow Trailer) [feat. Casey Lee Williams],140.044,1139
Lemonade - Remix,140.045,1140
Bad Day,140.046,1141
7 rings,140.048,1142
Crank That (Soulja Boy),140.141,1143
In the Hall of the Mountain King,140.227,1144
Dream Weaver,140.243,1145
Who Wants To Live Forever - Remastered 2011,140.366,1146
Prop Me Up Beside the Jukebox (If I Die),140.511,1147
Pickup Man,140.566,1148
"The Wizard And I - From ""Wicked"" Original Broadway Cast Recording/2003",140.844,1149
Smile,141.056,1150
"Hey, Good Lookin' - Single Version",141.076,1151
Making Love Out of Nothing at All,141.283,1152
Turn It Off,141.845,1153
Candy Store,141.855,1154
People Are Crazy,141.938,1155
Geronimo,142.012,1156
There Is Life Outside Your Apartment,142.023,1157
Rhinestone Cowboy,142.388,1158
Bang on the Drum All Day,142.527,1159
Deeper Than the Holler,142.65,1160
Crystal Ball - Live,142.8,1161
Righteous,142.942,1162
I Want It All,142.952,1163
Angels Among Us,143.022,1164
Hey Good Lookin',143.28,1165
I'm In Love With My Car - Remastered 2011,143.583,1166
Bohemian Rhapsody - Remastered 2011,143.883,1167
The Good Stuff,143.92,1168
Fire N Gold,143.987,1169
Beast - Southpaw Remix,143.991,1170
positions,144.005,1171
Sorry Not Sorry,144.021,1172
Rude,144.033,1173
We Built This City,144.091,1174
Mirror Mirror (White Trailer) [feat. Casey Lee Williams],144.112,1175
Mr. Roboto,144.13,1176
Sixteen Tons,144.14,1177
Hand Grenade,144.189,1178
Moonage Daydream - 2012 Remaster,144.478,1179
Great White Hope,144.483,1180
Hard to Say I'm Sorry / Get Away - 2009 Remaster,144.678,1181
Rock And Roll All Nite,144.774,1182
Epilogue,144.874,1183
Brand New,144.874,1184
Shatter Me Featuring Lzzy Hale,144.948,1185
Pokemon Theme,144.979,1186
Guiltless,144.987,1187
Comeback,145.009,1188
We Didn't Start the Fire,145.024,1189
Love Me Less (feat. Quinn XCII),145.034,1190
Tiny Dancer,145.075,1191
Cum on Feel the Noize,145.085,1192
Cum on Feel the Noize,145.105,1193
Waving Through a Window - From Dear Evan Hansen,145.285,1194
China Grove,145.624,1195
Better Than Revenge,145.821,1196
Wanted - String Mix,145.89,1197
Photograph,145.916,1198
Cleaning This Gun (Come On In Boy),145.995,1199
All The Right Moves,146.024,1200
Can't Hold Us (feat. Ray Dalton),146.078,1201
Just Another Day In Paradise,146.095,1202
I May Fall (feat. Casey Lee Williams),146.097,1203
Shiny,146.116,1204
When I Look Into Your Eyes,146.735,1205
La Vie Boheme B,146.948,1206
Hotel California - 2013 Remaster,147.125,1207
Making Things up Again,147.25,1208
25 or 6 to 4 - 2002 Remaster,147.448,1209
Don't Rock The Jukebox,147.451,1210
Let It Go,147.464,1211
"Theme from ""The Dukes of Hazzard"" (Good Ol' Boys)",147.6,1212
Before He Cheats,147.905,1213
Don't Blink,147.925,1214
Games,147.991,1215
Cruise,148.0,1216
Mr. Brightside,148.017,1217
Animal,148.039,1218
Wagon Wheel,148.096,1219
Give It Away,148.1,1220
Mercy,148.128,1221
Rap God,148.14,1222
Stranglehold,148.189,1223
"Thank Goodness - From ""Wicked"" Original Broadway Cast Recording/2003",148.391,1224
"The Planets, Op. 32: 1. Mars, the Bringer of War",148.689,1225
All The Small Things,148.726,1226
Proud Corazón,148.876,1227
I Am Moana (Song of the Ancestors),148.985,1228
Turn The Page,149.045,1229
Chasin' That Neon Rainbow,149.061,1230
Schadenfreude,149.165,1231
We're Not Gonna Take It,149.186,1232
If Tomorrow Never Comes,149.196,1233
"I'm Not That Girl (Reprise) - From ""Wicked"" Original Broadway Cast Recording/2003",149.238,1234
White Lightning - Single Version,149.483,1235
Carrying The Banner,149.494,1236
Whoa Whoa Whoa,149.888,1237
Crocodile Rock,149.91,1238
The Great Escape,149.934,1239
Whiskey Glasses,149.959,1240
Bang Bang,149.974,1241
What the Hell,149.976,1242
Astronaut In The Ocean,149.996,1243
Good Girls (Don’t Get Used),150.015,1244
Rainbow Veins,150.016,1245
Shake It,150.034,1246
Wanted Dead Or Alive,150.056,1247
Gold (feat. Casey Lee Williams),150.081,1248
All I Do Is Win,150.097,1249
Rugs From Me To You,150.114,1250
Brown Eyed Girl,150.566,1251
Wanted Dead Or Alive,150.818,1252
My Way - 2008 Remastered,150.836,1253
The Hamilton Polka,151.192,1254
Checkmate,151.484,1255
Too Much Fun,151.785,1256
Till The End,151.882,1257
Anything,151.989,1258
My Songs Know What You Did In The Dark (Light Em Up),151.99,1259
Fallout,152.098,1260
"What Is This Feeling? - From ""Wicked"" Original Broadway Cast Recording/2003",152.311,1261
"What Is This Feeling? - From ""Wicked"" Original Broadway Cast Recording/2003",152.311,1262
Saturday Night’s Alright (For Fighting) - Remastered 2014,152.875,1263
You'll Always Find Your Way Back Home,152.946,1264
Sex on Fire,153.398,1265
Pump It,153.645,1266
B.O.B. - Bombs Over Baghdad,153.809,1267
Hand Of God - Outro,153.958,1268
Been There Done That,153.988,1269
The Other Side,153.99,1270
7PM,154.036,1271
Life After You,154.037,1272
I Choose You,154.038,1273
Small Town Saturday Night,154.086,1274
Thnks fr th Mmrs,154.837,1275
Everybody Talks,154.897,1276
Notorious Thugs - 2014 Remaster,154.914,1277
You're Gonna Miss This,154.997,1278
Say What You Want To,155.069,1279
Remember Me (feat. BIA),155.102,1280
Iron Man - 2012 - Remaster,155.587,1281
Iris,155.925,1282
Ain't No Rest for the Wicked,156.004,1283
Five More Minutes,156.03,1284
Anything Goes (with Vince Giordano & The Nighthawks),156.056,1285
"The Good, the Bad and the Dirty",156.071,1286
This Is Gospel,156.073,1287
Heartbreaker,156.131,1288
Horns,156.241,1289
Don't Stop Me Now - Remastered 2011,156.271,1290
Who Are You,156.32,1291
Can't Fight This Feeling,156.344,1292
Be My Baby Tonight,156.88,1293
What Do Ya Think About That,157.067,1294
Sue Me,157.184,1295
Danger Zone,157.35,1296
Whip It,157.902,1297
The Greatest Show,157.92,1298
London Boy,157.925,1299
The Gospel Truth I / Main Titles - Hercules,157.998,1300
Suite Madame Blue,158.146,1301
Three Wooden Crosses,158.179,1302
"Paint It, Black",158.691,1303
Side To Side,159.173,1304
Where The Green Grass Grows,159.699,1305
21 Guns,159.779,1306
Ours,159.845,1307
Happy,159.911,1308
Live Like You Were Dying,159.929,1309
Sour Candy,159.931,1310
Plant Life,159.931,1311
Stick to the Status Quo,159.997,1312
Hospital Flowers,160.013,1313
She Looks So Perfect,160.025,1314
High School Never Ends - Main Version - Explicit,160.03,1315
The Real World,160.032,1316
This Is War,160.047,1317
Driving Ms Daisy,160.049,1318
11 Minutes (with Halsey feat. Travis Barker),160.075,1319
Shake It Off,160.078,1320
Dammit Janet,160.363,1321
Dream On,160.9,1322
Survivor,161.109,1323
Tightrope,161.564,1324
Adventure Is Out There,161.872,1325
Song of the South,162.158,1326
A Better Man,162.161,1327
Lords Of The Ring - Live,162.515,1328
Hot Patootie / Bless My Soul,162.539,1329
I Wanna Be Sedated,162.825,1330
Copperhead Road,162.874,1331
Little Bitty,163.045,1332
Louisiana Saturday Night,163.245,1333
Angel of Music - Single Album Version,163.249,1334
Enchanted,163.893,1335
Celebrity Status,163.929,1336
Sing For The Moment,163.961,1337
Mean,163.974,1338
Red Solo Cup,163.991,1339
Black and Yellow,164.02,1340
Cross My Heart,164.033,1341
I Miss the Misery,164.042,1342
Let Me Go (feat. Chad Kroeger),164.196,1343
"Take Me Home, Country Roads - Rerecorded",164.267,1344
What Was I Thinkin',164.857,1345
Zero To Hero,164.863,1346
The Triumph,165.105,1347
Over at the Frankenstein Place,165.311,1348
Bubba Shot The Jukebox,165.484,1349
Papa Loved Mama,165.673,1350
"Pines Of Rome, P. 141: 4. The Pines Of The Appian Way",165.911,1351
Godzilla (feat. Juice WRLD),165.995,1352
I Believe,166.553,1353
Maybe Don't (feat. JP Saxe),166.732,1354
"Check Yes, Juliet",166.795,1355
The Ride,166.944,1356
Master Of The House,166.951,1357
The Diary of Jane - Single Version,167.024,1358
You Make My Dreams (Come True),167.057,1359
Boulevard of Broken Dreams,167.06,1360
Born Country,167.311,1361
You've Got Time,167.467,1362
In The Heights,167.834,1363
Thunder,167.879,1364
Should've Said No,167.964,1365
Say Amen (Saturday Night),167.965,1366
Good Omens Opening Title,168.008,1367
Old Fashioned,168.033,1368
Honor To Us All,168.051,1369
We Belong,168.108,1370
Redneck Yacht Club,168.115,1371
Gold,168.128,1372
Connection,168.154,1373
Bicycle Race,168.164,1374
raindrops (an angel cried),168.685,1375
8th of November,169.11,1376
Babe,169.486,1377
The Wolf,169.645,1378
Stop,169.719,1379
Livin' in the Woods in a Tree,169.8,1380
Chicken Fried,169.864,1381
Portugal,169.889,1382
Boys 'Round Here (feat. Pistol Annies & Friends),169.895,1383
I Write Sins Not Tragedies,169.961,1384
Let's Just Live (feat. Casey Lee Williams),169.962,1385
The Nicest Kids In Town,169.963,1386
The Night The Lights Went Out In Georgia,169.967,1387
Stressed Out,169.977,1388
Home,170.025,1389
POP/STARS,170.036,1390
New York City,170.052,1391
Bad Blood,170.146,1392
idontwannabeyouanymore,170.163,1393
A Nightmare On My Street,170.396,1394
You Can't Stop The Beat,170.484,1395
You Can't Stop The Beat,170.484,1396
"Lose Yourself - From ""8 Mile"" Soundtrack",171.374,1397
'Till I Collapse,171.447,1398
T-Pain Mashup (with Kurt Hugo Schneider),171.504,1399
Something Like That,171.8,1400
Miss Independent,171.86,1401
I Am the Fire,171.888,1402
"96,000",171.93,1403
Which Side are You On?,171.946,1404
Love Someone,172.065,1405
Don't Go Chasing Waterfalls,172.075,1406
Made In America,172.107,1407
Mr. Mom,172.136,1408
How You Remind Me,172.159,1409
Bye Bye Bye,172.638,1410
The Pretender,172.984,1411
Know Who You Are,173.443,1412
The Room Where It Happens,173.552,1413
I Know Where I've Been,173.556,1414
Empire State Of Mind,173.585,1415
For the First Time,173.794,1416
Who We Are,173.954,1417
Footloose,173.98,1418
New Americana,173.993,1419
Producer Man,173.994,1420
One of the Drunks,174.008,1421
Umbrella,174.028,1422
"Do You Want to Build a Snowman? - From ""Frozen""/Soundtrack Version",174.053,1423
Me And My Broken Heart,174.084,1424
American Ride,174.099,1425
Chattahoochee,174.533,1426
Wonderwall,174.584,1427
Time Warp,174.896,1428
To the Sky,175.007,1429
Take Me or Leave Me,175.043,1430
Alone,175.088,1431
The Time Warp,175.7,1432
Irreplaceable,175.868,1433
Detroit Vs. Everybody,175.89,1434
Fight Song,175.924,1435
LA Devotee,175.998,1436
Somethin' 'Bout A Truck,176.01,1437
sympathy 4 the grinch,176.021,1438
You're Such A,176.028,1439
Centuries,176.042,1440
"Wonderful - From ""Wicked"" Original Broadway Cast Recording/2003",176.629,1441
Juke Box Hero,176.647,1442
Blitzkrieg Bop - 2016 Remaster,176.701,1443
I'm Still Standing,176.808,1444
The Battle Of New Orleans,177.162,1445
Piano Man,177.734,1446
Mr. Blue Sky,177.784,1447
What'd I Miss,177.787,1448
Despacito,177.928,1449
Rigamortus,178.012,1450
Seasons of Love,178.151,1451
Uncontainable,178.293,1452
MONTERO (Call Me By Your Name),178.818,1453
Bad Moon Rising,178.946,1454
Piano Man,179.167,1455
T-R-O-U-B-L-E,179.311,1456
Better Class of Losers,179.387,1457
Demons,179.561,1458
Ordinaryish People,179.819,1459
Hooked,179.925,1460
Roar,179.984,1461
World Burn,180.057,1462
Waste,180.059,1463
Everyone's a Little Bit Racist,180.103,1464
Fireflies,180.114,1465
Miss You,180.239,1466
My Shot,180.466,1467
"How Far I'll Go - From ""Moana""",180.979,1468
Ramblin' Man,181.145,1469
Stardew Valley Overture,181.945,1470
ME! (feat. Brendon Urie of Panic! At The Disco),182.123,1471
Rent,182.142,1472
Red Flag,183.052,1473
Don't Threaten Me with a Good Time,183.825,1474
As She's Walking Away (feat. Alan Jackson) - Greatest Hits Version,183.981,1475
We Are Young (feat. Janelle Monáe),184.086,1476
Back To Basics,184.105,1477
all the good girls go to hell,185.044,1478
Good Thing (with Kehlani),185.913,1479
Break,186.079,1480
Albuquerque,186.599,1481
This Kiss,186.875,1482
Back In Black,188.386,1483
On The Ground,188.7,1484
3am,189.76,1485
Animals,189.868,1486
This Is Me,191.702,1487
King of the Clouds,198.063,1488
I Like U,199.662,1489
It Just Comes Natural,200.389,1490
Make You Stay,203.145,1491
Waterloo,203.85,1492
Islands In the Stream,204.016,1493
Don't Take The Girl,204.263,1494
My Front Porch Looking In,205.576,1495
Drunk On A Plane,205.932,1496
It Takes Two,206.511,1497
Tubthumping,206.68,1498
"Lovin', Touchin', Squeezin'",211.27,1499
